Tick,Hero,Item1,Item2,Item3,Item4,Item5,Item6,Item7,Item8,Item9,
21918,CDOTA_Unit_Hero_Abaddon,6258884,753906,10600701,3080446,2441472,3965186,16777215,16777215,16777215
21920,CDOTA_Unit_Hero_Beastmaster,7864580,4358405,12747011,16777215,16777215,16777215,16777215,16777215,16777215
21920,CDOTA_Unit_Hero_Nevermore,11092190,7930687,14811361,12010304,13074625,10043610,16777215,16777215,16777215
21922,CDOTA_Unit_Hero_Grimstroke,3785665,3293446,9830663,7684360,9552137,11796696,16777215,16777215,16777215
21922,CDOTA_Unit_Hero_PhantomAssassin,16220392,917735,868580,12124374,11239651,7798994,16777215,16777215,16777215
21924,CDOTA_Unit_Hero_Void_Spirit,12402897,11976901,9060553,5898445,4227341,7373004,16777215,16777215,16777215
21924,CDOTA_Unit_Hero_Morphling,1573093,5521631,2081002,11763942,1687785,16777215,16777215,16777215,16777215
21926,CDOTA_Unit_Hero_Mars,11550914,15810775,10469584,6308039,16351445,15073492,16777215,16777215,16777215
21926,CDOTA_Unit_Hero_Tusk,1540342,15253761,16777215,6291693,983292,65791,16777215,16777215,16777215
21928,CDOTA_Unit_Hero_Void_Spirit,12402897,11976901,9060553,5898445,4227341,7373004,9961907,6881716,16777215
21928,CDOTA_Unit_Hero_AncientApparition,2506950,1409230,9011407,8700125,7799008,15040738,12304619,16777215,16777215
21981,CDOTA_Unit_Hero_Tusk,1540342,15253761,12763592,6291693,983292,65791,16777215,16777215,16777215
22041,CDOTA_Unit_Hero_Tusk,16777215,15253761,12763592,6291693,983292,65791,16777215,16777215,16777215
22057,CDOTA_Unit_Hero_Tusk,16777215,15253761,12763592,6291693,16777215,65791,16777215,16777215,16777215
22065,CDOTA_Unit_Hero_Beastmaster,5784013,16777215,12747011,16777215,16777215,16777215,16777215,16777215,16777215
22075,CDOTA_Unit_Hero_Tusk,16777215,15253761,12763592,6291693,16777215,16777215,16777215,16777215,16777215
22101,CDOTA_Unit_Hero_AncientApparition,2506950,1409230,9011407,12304619,7799008,15040738,8700125,16777215,16777215
22105,CDOTA_Unit_Hero_Tusk,12485281,15253761,12763592,6291693,16777215,16777215,16777215,16777215,16777215
22119,CDOTA_Unit_Hero_Tusk,12485281,15253761,12763592,6291693,1393323,16777215,16777215,16777215,16777215
22123,CDOTA_Unit_Hero_Tusk,12485281,15253761,12763592,6291693,1393323,9290412,16777215,16777215,16777215
22153,CDOTA_Unit_Hero_Tusk,1393323,15253761,12763592,6291693,12485281,9290412,16777215,16777215,16777215
22181,CDOTA_Unit_Hero_Tusk,12763592,15253761,1393323,6291693,12485281,9290412,16777215,16777215,16777215
22317,CDOTA_Unit_Hero_Tusk,12763592,1393323,15253761,6291693,12485281,9290412,16777215,16777215,16777215
22445,CDOTA_Unit_Hero_Abaddon,6258884,3965186,10600701,3080446,2441472,753906,16777215,16777215,16777215
22793,CDOTA_Unit_Hero_Abaddon,6258884,16777215,10600701,3080446,2441472,753906,16777215,16777215,16777215
22885,CDOTA_Unit_Hero_Void_Spirit,12402897,11976901,9060553,5898445,16777215,7373004,9961907,6881716,16777215
22929,CDOTA_Unit_Hero_Void_Spirit,12402897,11976901,9060553,5898445,6881716,7373004,9961907,16777215,16777215
23379,CDOTA_Unit_Hero_Grimstroke,15385273,3293446,9830663,7684360,9552137,11796696,16777215,16777215,16777215
23651,CDOTA_Unit_Hero_AncientApparition,2506950,1409230,9011407,8700125,7799008,15040738,12304619,16777215,16777215
23735,CDOTA_Unit_Hero_Grimstroke,16777215,3293446,9830663,7684360,9552137,11796696,16777215,16777215,16777215
24641,CDOTA_Unit_Hero_Void_Spirit,12402897,11976901,9060553,5898445,6881716,7373004,9961907,16777215,16777215
24645,CDOTA_Unit_Hero_Void_Spirit,12402897,11976901,9060553,5898445,6881716,7373004,9961907,16777215,16777215
24823,CDOTA_Unit_Hero_Tusk,12763592,1393323,15253761,6291693,12485281,9290412,16777215,16777215,16777215
24833,CDOTA_Unit_Hero_Tusk,12763592,1393323,15253761,6291693,12485281,9290412,16777215,16777215,16777215
24995,CDOTA_Unit_Hero_Mars,11550914,15810775,10469584,6308039,16351445,15073492,16777215,16777215,16777215
25007,CDOTA_Unit_Hero_Mars,11550914,15810775,10469584,6308039,16351445,15073492,16777215,16777215,16777215
25023,CDOTA_Unit_Hero_Beastmaster,5784013,16777215,12747011,16777215,16777215,16777215,16777215,16777215,16777215
25029,CDOTA_Unit_Hero_Beastmaster,5784013,16777215,12747011,16777215,16777215,16777215,16777215,16777215,16777215
25035,CDOTA_Unit_Hero_Beastmaster,5784013,16777215,12747011,16777215,16777215,16777215,16777215,16777215,16777215
25203,CDOTA_Unit_Hero_AncientApparition,2506950,1409230,9011407,16777215,7799008,15040738,12304619,16777215,16777215
25239,CDOTA_Unit_Hero_AncientApparition,2506950,1409230,9011407,12304619,7799008,15040738,16777215,16777215,16777215
25633,CDOTA_Unit_Hero_Void_Spirit,12402897,11976901,9060553,5898445,6881716,7373004,9961907,11961052,16777215
25961,CDOTA_Unit_Hero_Nevermore,11092190,7930687,14811361,12010304,16777215,10043610,16777215,16777215,16777215
25967,CDOTA_Unit_Hero_Nevermore,11092190,7930687,14811361,12010304,13074625,10043610,16777215,16777215,16777215
26005,CDOTA_Unit_Hero_Tusk,16777215,1393323,15253761,6291693,12485281,9290412,16777215,16777215,16777215
26073,CDOTA_Unit_Hero_Tusk,4047592,1393323,15253761,6291693,12485281,9290412,16777215,16777215,16777215
26161,CDOTA_Unit_Hero_Void_Spirit,16777215,11976901,9060553,5898445,6881716,7373004,9961907,11961052,16777215
26165,CDOTA_Unit_Hero_Void_Spirit,16777215,11976901,9060553,5898445,16777215,7373004,9961907,11961052,16777215
26169,CDOTA_Unit_Hero_Mars,11550914,15810775,10469584,6308039,16351445,15073492,737930,16777215,16777215
26171,CDOTA_Unit_Hero_Beastmaster,5784013,3981570,12747011,1999650,16777215,16777215,16777215,16777215,16777215
26195,CDOTA_Unit_Hero_Void_Spirit,16777215,11976901,9060553,5898445,11961052,7373004,9961907,16777215,16777215
26207,CDOTA_Unit_Hero_Void_Spirit,9961907,11976901,9060553,5898445,11961052,7373004,16777215,16777215,16777215
26213,CDOTA_Unit_Hero_AncientApparition,2506950,1409230,9011407,12304619,7799008,15040738,8930026,16777215,16777215
26283,CDOTA_Unit_Hero_Grimstroke,16777215,3293446,9830663,7684360,9552137,11796696,16777215,16777215,16777215
26287,CDOTA_Unit_Hero_Grimstroke,16777215,3293446,9830663,7684360,9552137,11796696,16777215,16777215,16777215
26511,CDOTA_Unit_Hero_Tusk,4047592,1393323,15253761,6291693,12485281,9290412,16777215,16777215,16777215
26655,CDOTA_Unit_Hero_PhantomAssassin,16220392,917735,868580,12124374,11239651,7798994,16777215,16777215,16777215
26665,CDOTA_Unit_Hero_PhantomAssassin,16220392,917735,868580,12124374,11239651,7798994,16777215,16777215,16777215
26677,CDOTA_Unit_Hero_Void_Spirit,9961907,11976901,9060553,5898445,11961052,7373004,16777215,16777215,16777215
26681,CDOTA_Unit_Hero_Void_Spirit,9961907,11976901,9060553,5898445,11961052,7373004,16777215,16777215,16777215
26821,CDOTA_Unit_Hero_Nevermore,11092190,7930687,14811361,12010304,16777215,10043610,16777215,16777215,16777215
26827,CDOTA_Unit_Hero_Nevermore,11092190,7930687,14811361,12010304,16777215,16777215,16777215,16777215,16777215
26829,CDOTA_Unit_Hero_Nevermore,11092190,7930687,14811361,12010304,13074625,16777215,16777215,16777215,16777215
27009,CDOTA_Unit_Hero_Nevermore,11092190,7930687,14811361,16777215,13074625,12010304,16777215,16777215,16777215
27049,CDOTA_Unit_Hero_PhantomAssassin,16777215,917735,868580,12124374,11239651,7798994,16777215,16777215,16777215
27057,CDOTA_Unit_Hero_PhantomAssassin,16777215,917735,868580,16777215,11239651,7798994,16777215,16777215,16777215
27059,CDOTA_Unit_Hero_AncientApparition,2506950,1409230,9011407,8930026,7799008,15040738,12304619,16777215,16777215
27123,CDOTA_Unit_Hero_Abaddon,6258884,16777215,10600701,16777215,2441472,753906,16777215,16777215,16777215
27133,CDOTA_Unit_Hero_Nevermore,11092190,7930687,14811361,16777215,13074625,12010304,16777215,16777215,16777215
27137,CDOTA_Unit_Hero_Nevermore,11092190,7930687,14811361,16777215,13074625,12010304,16777215,16777215,16777215
27183,CDOTA_Unit_Hero_Tusk,4047592,1393323,15253761,6291693,12485281,9290412,16777215,16777215,16777215
27187,CDOTA_Unit_Hero_Grimstroke,16777215,3293446,9830663,7684360,9552137,16777215,16777215,16777215,16777215
27253,CDOTA_Unit_Hero_AncientApparition,2506950,1409230,9011407,16777215,7799008,15040738,12304619,16777215,16777215
27285,CDOTA_Unit_Hero_Beastmaster,5784013,3981570,12747011,1999650,16777215,16777215,16777215,16777215,16777215
27291,CDOTA_Unit_Hero_Beastmaster,5784013,3981570,12747011,1999650,16777215,16777215,16777215,16777215,16777215
27307,CDOTA_Unit_Hero_AncientApparition,2506950,1409230,9011407,12304619,7799008,15040738,16777215,16777215,16777215
27413,CDOTA_Unit_Hero_Mars,16777215,15810775,10469584,6308039,16351445,15073492,737930,16777215,16777215
27431,CDOTA_Unit_Hero_AncientApparition,2506950,1409230,9011407,12304619,7799008,15040738,16777215,16777215,16777215
27437,CDOTA_Unit_Hero_Mars,737930,15810775,10469584,6308039,16351445,15073492,16777215,16777215,16777215
27581,CDOTA_Unit_Hero_Grimstroke,7226484,3293446,9830663,7684360,9552137,16777215,16777215,16777215,16777215
27683,CDOTA_Unit_Hero_Abaddon,6258884,16777215,10600701,16777215,16777215,753906,16777215,16777215,16777215
27689,CDOTA_Unit_Hero_Abaddon,16777215,16777215,10600701,16777215,16777215,753906,16777215,16777215,16777215
27739,CDOTA_Unit_Hero_AncientApparition,2506950,16777215,9011407,12304619,7799008,15040738,16777215,16777215,16777215
27751,CDOTA_Unit_Hero_Void_Spirit,9961907,11976901,9060553,5898445,11961052,7373004,15959174,16777215,16777215
27757,CDOTA_Unit_Hero_Nevermore,11092190,7930687,14811361,16777215,13074625,12010304,16777215,16777215,16777215
27897,CDOTA_Unit_Hero_AncientApparition,2506950,16777215,9011407,12304619,7799008,15040738,16777215,16777215,16777215
27907,CDOTA_Unit_Hero_AncientApparition,2506950,16777215,9011407,12304619,7799008,15040738,16777215,16777215,16777215
27909,CDOTA_Unit_Hero_Nevermore,11092190,7930687,14811361,5227697,13074625,12010304,16777215,16777215,16777215
27911,CDOTA_Unit_Hero_Tusk,16777215,1393323,15253761,6291693,12485281,9290412,16777215,16777215,16777215
27925,CDOTA_Unit_Hero_Void_Spirit,15959174,11976901,9060553,5898445,11961052,7373004,9961907,16777215,16777215
27933,CDOTA_Unit_Hero_Void_Spirit,11961052,11976901,9060553,5898445,15959174,7373004,9961907,16777215,16777215
27979,CDOTA_Unit_Hero_AncientApparition,2506950,16777215,9011407,16777215,7799008,15040738,16777215,16777215,16777215
27981,CDOTA_Unit_Hero_Abaddon,16777215,16777215,10600701,16777215,16777215,753906,16777215,16777215,16777215
28017,CDOTA_Unit_Hero_AncientApparition,16777215,16777215,9011407,16777215,7799008,15040738,16777215,16777215,16777215
28033,CDOTA_Unit_Hero_Void_Spirit,11961052,11976901,9060553,5898445,7373004,15959174,9961907,16777215,16777215
28143,CDOTA_Unit_Hero_PhantomAssassin,11748483,917735,868580,16777215,11239651,7798994,16777215,16777215,16777215
28155,CDOTA_Unit_Hero_AncientApparition,16777215,16777215,9011407,16777215,7799008,15040738,16777215,16777215,16777215
28177,CDOTA_Unit_Hero_AncientApparition,5407944,10110207,9011407,16777215,7799008,15040738,16777215,16777215,16777215
28185,CDOTA_Unit_Hero_Abaddon,16777215,16777215,16777215,16777215,16777215,753906,16777215,16777215,16777215
28221,CDOTA_Unit_Hero_Grimstroke,7226484,3293446,9830663,7684360,9552137,16777215,16777215,16777215,16777215
28247,CDOTA_Unit_Hero_Morphling,1573093,5521631,2081002,11763942,1687785,16777215,16777215,16777215,16777215
28251,CDOTA_Unit_Hero_Morphling,1573093,5521631,2081002,11763942,1687785,16777215,16777215,16777215,16777215
28269,CDOTA_Unit_Hero_PhantomAssassin,16777215,917735,868580,11748483,11239651,7798994,16777215,16777215,16777215
28277,CDOTA_Unit_Hero_Morphling,1573093,5521631,2081002,11763942,1687785,16777215,16777215,16777215,16777215
28303,CDOTA_Unit_Hero_Morphling,1573093,5521631,2081002,11763942,1687785,16777215,16777215,16777215,16777215
28307,CDOTA_Unit_Hero_Abaddon,16777215,16777215,16777215,16777215,16777215,753906,16777215,16777215,16777215
28317,CDOTA_Unit_Hero_Abaddon,16777215,16777215,16777215,16777215,16777215,753906,16777215,16777215,16777215
28321,CDOTA_Unit_Hero_Tusk,14926971,1393323,15253761,6291693,12485281,9290412,16777215,16777215,16777215
28401,CDOTA_Unit_Hero_Tusk,16777215,1393323,15253761,6291693,12485281,9290412,16777215,16777215,16777215
28465,CDOTA_Unit_Hero_Morphling,16777215,5521631,2081002,11763942,1687785,16777215,16777215,16777215,16777215
28569,CDOTA_Unit_Hero_AncientApparition,5407944,10110207,9011407,16777215,7799008,15040738,14468373,16777215,16777215
28585,CDOTA_Unit_Hero_AncientApparition,5407944,10110207,9011407,14812436,7799008,15040738,14468373,16777215,16777215
28649,CDOTA_Unit_Hero_Grimstroke,7226484,3293446,9830663,7684360,9552137,16777215,16777215,16777215,16777215
28677,CDOTA_Unit_Hero_Nevermore,11092190,7930687,14811361,5227697,13074625,12010304,16777215,16777215,16777215
28679,CDOTA_Unit_Hero_Beastmaster,5784013,3981570,12747011,1999650,1442999,16777215,16777215,16777215,16777215
28697,CDOTA_Unit_Hero_Grimstroke,7226484,3293446,9830663,7684360,9552137,16777215,16777215,16777215,16777215
28739,CDOTA_Unit_Hero_Grimstroke,7226484,3293446,9830663,7684360,9552137,16777215,16777215,16777215,16777215
28753,CDOTA_Unit_Hero_Grimstroke,7226484,3293446,9830663,7684360,16777215,16777215,16777215,16777215,16777215
28767,CDOTA_Unit_Hero_Grimstroke,16777215,3293446,9830663,7684360,16777215,16777215,16777215,16777215,16777215
28839,CDOTA_Unit_Hero_AncientApparition,5407944,10110207,9011407,16777215,7799008,15040738,14468373,16777215,16777215
28839,CDOTA_Unit_Hero_Morphling,14812436,5521631,2081002,11763942,1687785,16777215,16777215,16777215,16777215
28853,CDOTA_Unit_Hero_AncientApparition,5407944,10110207,9011407,16777215,7799008,15040738,16777215,16777215,16777215
28853,CDOTA_Unit_Hero_Morphling,8570163,5521631,2081002,11763942,16777215,16777215,16777215,16777215,16777215
28887,CDOTA_Unit_Hero_Void_Spirit,11961052,11976901,9060553,5898445,7373004,16777215,9961907,16777215,16777215
28923,CDOTA_Unit_Hero_Void_Spirit,16777215,11976901,9060553,5898445,7373004,16777215,9961907,16777215,16777215
28949,CDOTA_Unit_Hero_Void_Spirit,9961907,11976901,9060553,5898445,7373004,16777215,16777215,16777215,16777215
28951,CDOTA_Unit_Hero_Nevermore,11092190,7930687,14811361,16777215,13074625,12010304,5227697,16777215,16777215
28983,CDOTA_Unit_Hero_Grimstroke,10798396,3293446,9830663,7684360,16777215,16777215,16777215,16777215,16777215
29029,CDOTA_Unit_Hero_Morphling,8570163,5521631,2081002,11763942,16777215,16777215,16777215,16777215,16777215
29033,CDOTA_Unit_Hero_Morphling,8570163,5521631,2081002,11763942,16777215,16777215,16777215,16777215,16777215
29045,CDOTA_Unit_Hero_Grimstroke,16777215,3293446,9830663,7684360,16777215,10798396,16777215,16777215,16777215
29063,CDOTA_Unit_Hero_Morphling,8570163,5521631,2081002,11763942,16777215,16777215,16777215,16777215,16777215
29101,CDOTA_Unit_Hero_Abaddon,16549184,16777215,16777215,16777215,16777215,753906,16777215,16777215,16777215
29143,CDOTA_Unit_Hero_Morphling,8570163,5521631,2081002,11763942,16777215,16777215,16777215,16777215,16777215
29207,CDOTA_Unit_Hero_Morphling,8570163,5521631,2081002,11763942,16777215,16777215,16777215,16777215,16777215
29431,CDOTA_Unit_Hero_Nevermore,11092190,7930687,14811361,6341864,13074625,12010304,5227697,16777215,16777215
29517,CDOTA_Unit_Hero_Nevermore,16777215,7930687,14811361,6341864,13074625,12010304,5227697,16777215,16777215
29559,CDOTA_Unit_Hero_AncientApparition,16777215,10110207,9011407,16777215,7799008,15040738,16777215,16777215,16777215
29613,CDOTA_Unit_Hero_Void_Spirit,16777215,11976901,9060553,5898445,7373004,16777215,16777215,16777215,16777215
29647,CDOTA_Unit_Hero_Nevermore,5227697,7930687,14811361,6341864,13074625,12010304,16777215,16777215,16777215
29651,CDOTA_Unit_Hero_Void_Spirit,16777215,11976901,9060553,5898445,7373004,16777215,16777215,16777215,16777215
29653,CDOTA_Unit_Hero_Nevermore,6341864,7930687,14811361,5227697,13074625,12010304,16777215,16777215,16777215
29655,CDOTA_Unit_Hero_Void_Spirit,16777215,11976901,9060553,5898445,7373004,16777215,16777215,16777215,16777215
29697,CDOTA_Unit_Hero_Abaddon,16777215,16777215,16777215,16777215,16777215,753906,16777215,16777215,16777215
29733,CDOTA_Unit_Hero_Grimstroke,1918250,3293446,9830663,7684360,1672467,10798396,16777215,16777215,16777215
29763,CDOTA_Unit_Hero_Grimstroke,16777215,3293446,9830663,7684360,1672467,10798396,16777215,16777215,16777215
29765,CDOTA_Unit_Hero_Abaddon,11339033,15271178,16777215,16777215,16777215,753906,16777215,16777215,16777215
29779,CDOTA_Unit_Hero_Abaddon,16777215,15271178,16777215,16777215,16777215,753906,16777215,16777215,16777215
29783,CDOTA_Unit_Hero_Morphling,16777215,5521631,2081002,11763942,8570163,16777215,16777215,16777215,16777215
29829,CDOTA_Unit_Hero_Nevermore,6341864,7930687,14811361,5227697,13074625,12010304,9536879,16777215,16777215
29849,CDOTA_Unit_Hero_Nevermore,6341864,9536879,14811361,5227697,13074625,12010304,7930687,16777215,16777215
29891,CDOTA_Unit_Hero_AncientApparition,16777215,10110207,9011407,16777215,7799008,15040738,16777215,16777215,16777215
29897,CDOTA_Unit_Hero_AncientApparition,16777215,10110207,9011407,16777215,7799008,15040738,16777215,16777215,16777215
29905,CDOTA_Unit_Hero_AncientApparition,16777215,10110207,9011407,16777215,7799008,15040738,16777215,16777215,16777215
30201,CDOTA_Unit_Hero_Mars,737930,15810775,11240828,6308039,12240195,16777215,16777215,16777215,16777215
30269,CDOTA_Unit_Hero_Nevermore,6341864,9536879,14811361,5227697,13074625,12010304,7930687,16777215,16777215
30299,CDOTA_Unit_Hero_Beastmaster,5784013,3981570,12747011,16777215,1442999,16777215,16777215,16777215,16777215
30305,CDOTA_Unit_Hero_Beastmaster,5784013,3981570,16777215,16777215,1442999,16777215,16777215,16777215,16777215
30421,CDOTA_Unit_Hero_Void_Spirit,10126696,11976901,9060553,5898445,7373004,16777215,16777215,16777215,16777215
30431,CDOTA_Unit_Hero_Grimstroke,16777215,3293446,9830663,7684360,1672467,10798396,16777215,16777215,16777215
30569,CDOTA_Unit_Hero_Morphling,6899009,10929556,16777215,11763942,8570163,16777215,16777215,16777215,16777215
30575,CDOTA_Unit_Hero_Grimstroke,16777215,3293446,9830663,7684360,1672467,10798396,16777215,16777215,16777215
30609,CDOTA_Unit_Hero_Void_Spirit,10126696,11976901,9060553,5898445,7373004,16777215,16777215,16777215,16777215
30627,CDOTA_Unit_Hero_PhantomAssassin,16303512,917735,868580,11748483,11239651,7798994,16777215,16777215,16777215
30649,CDOTA_Unit_Hero_Mars,16777215,15810775,11240828,6308039,12240195,16777215,16777215,16777215,16777215
30653,CDOTA_Unit_Hero_Grimstroke,16777215,3293446,9830663,7684360,10798396,1672467,16777215,16777215,16777215
30733,CDOTA_Unit_Hero_AncientApparition,16777215,16777215,9011407,10110207,7799008,15040738,16777215,16777215,16777215
30779,CDOTA_Unit_Hero_Mars,16777215,15810775,11240828,6308039,12240195,16777215,16777215,16777215,16777215
30839,CDOTA_Unit_Hero_Abaddon,16777215,15271178,16777215,16777215,16777215,753906,16777215,16777215,16777215
30869,CDOTA_Unit_Hero_Grimstroke,16777215,3293446,9830663,7684360,10798396,16777215,16777215,16777215,16777215
30897,CDOTA_Unit_Hero_Morphling,6899009,10929556,16777215,11763942,16777215,16777215,16777215,8570163,16777215
30905,CDOTA_Unit_Hero_Morphling,6899009,10929556,16777215,11763942,8570163,16777215,16777215,16777215,16777215
30913,CDOTA_Unit_Hero_AncientApparition,4523381,16777215,9011407,10110207,7799008,15040738,16777215,16777215,16777215
30977,CDOTA_Unit_Hero_Beastmaster,5784013,3981570,16777215,16777215,1442999,16777215,16777215,16777215,16777215
30985,CDOTA_Unit_Hero_Beastmaster,5784013,3981570,16777215,16777215,1442999,16777215,16777215,16777215,16777215
31001,CDOTA_Unit_Hero_Abaddon,640423,15271178,16777215,16777215,16777215,753906,16777215,16777215,16777215
31007,CDOTA_Unit_Hero_Abaddon,640423,15271178,16777215,16777215,16777215,753906,16777215,16777215,16777215
31021,CDOTA_Unit_Hero_Mars,16777215,15810775,11240828,6308039,12240195,16777215,16777215,16777215,16777215
31035,CDOTA_Unit_Hero_Nevermore,6341864,9536879,14811361,5227697,13074625,12010304,7930687,16777215,16777215
31043,CDOTA_Unit_Hero_Nevermore,6341864,9536879,14811361,5227697,13074625,12010304,7930687,16777215,16777215
31045,CDOTA_Unit_Hero_Abaddon,640423,15271178,16777215,16777215,16777215,753906,16777215,16777215,16777215
31053,CDOTA_Unit_Hero_Abaddon,640423,15271178,16777215,16777215,16777215,753906,16777215,16777215,16777215
31083,CDOTA_Unit_Hero_Void_Spirit,10126696,11976901,9060553,5898445,7373004,16777215,16777215,16777215,16777215
31135,CDOTA_Unit_Hero_AncientApparition,4523381,16777215,9011407,16777215,7799008,15040738,16777215,16777215,16777215
31385,CDOTA_Unit_Hero_PhantomAssassin,16303512,917735,868580,11748483,11239651,7798994,16777215,16777215,16777215
31389,CDOTA_Unit_Hero_PhantomAssassin,16303512,917735,868580,11748483,11239651,7798994,16777215,16777215,16777215
31495,CDOTA_Unit_Hero_Grimstroke,6571406,3293446,9830663,7684360,10798396,16777215,16777215,16777215,16777215
31511,CDOTA_Unit_Hero_Abaddon,16777215,15271178,16777215,16777215,16777215,753906,16777215,16777215,16777215
31577,CDOTA_Unit_Hero_AncientApparition,4523381,16777215,9011407,16777215,7799008,15040738,16777215,16777215,16777215
31719,CDOTA_Unit_Hero_AncientApparition,4523381,16777215,9011407,16777215,7799008,15040738,16777215,16777215,16777215
31807,CDOTA_Unit_Hero_AncientApparition,4523381,16777215,9011407,16777215,7799008,15040738,16777215,16777215,16777215
31827,CDOTA_Unit_Hero_Tusk,16777215,6161911,13157880,11978233,3409402,10814971,16777215,16777215,16777215
31869,CDOTA_Unit_Hero_Nevermore,6341864,7471829,14811361,5227697,11027842,12010304,7930687,16777215,16777215
31897,CDOTA_Unit_Hero_Void_Spirit,10126696,11976901,9060553,5898445,7373004,6522262,16777215,16777215,16777215
31931,CDOTA_Unit_Hero_Mars,853404,15810775,11240828,6308039,12240195,16777215,16777215,16777215,16777215
32003,CDOTA_Unit_Hero_Grimstroke,6571406,3293446,9830663,7684360,16777215,16777215,16777215,16777215,16777215
32007,CDOTA_Unit_Hero_Abaddon,15664554,15271178,11388328,4408735,16777215,753906,16777215,16777215,16777215
32081,CDOTA_Unit_Hero_Abaddon,15664554,15271178,11388328,16777215,16777215,753906,16777215,16777215,16777215
32083,CDOTA_Unit_Hero_Beastmaster,5784013,3981570,968100,16777215,1442999,16777215,16777215,16777215,16777215
32439,CDOTA_Unit_Hero_AncientApparition,16777215,16777215,9011407,4523381,7799008,15040738,16777215,16777215,16777215
32455,CDOTA_Unit_Hero_Grimstroke,6571406,3293446,9830663,7684360,16777215,16777215,16777215,16777215,16777215
32461,CDOTA_Unit_Hero_Grimstroke,6571406,3293446,9830663,7684360,16777215,16777215,16777215,16777215,16777215
32475,CDOTA_Unit_Hero_AncientApparition,16777215,16777215,9011407,2736873,7799008,15040738,16777215,16777215,16777215
32625,CDOTA_Unit_Hero_Abaddon,15664554,15271178,11388328,16777215,16777215,753906,16777215,16777215,16777215
32655,CDOTA_Unit_Hero_Abaddon,15664554,15271178,11388328,16777215,16777215,753906,16777215,16777215,16777215
32689,CDOTA_Unit_Hero_AncientApparition,2573779,16777215,9011407,5243966,7799008,15040738,16777215,16777215,16777215
32729,CDOTA_Unit_Hero_Tusk,16777215,1393323,16777215,6291693,12485281,9290412,16777215,16777215,16777215
32731,CDOTA_Unit_Hero_PhantomAssassin,16303512,16777215,16777215,11748483,4063976,7798994,16777215,16777215,16777215
32789,CDOTA_Unit_Hero_Tusk,16777215,1393323,16777215,6291693,12485281,9290412,16777215,16777215,16777215
32801,CDOTA_Unit_Hero_Tusk,16777215,1393323,16777215,6291693,12485281,9290412,16777215,16777215,16777215
32837,CDOTA_Unit_Hero_PhantomAssassin,16777215,16303512,16777215,11748483,4063976,7798994,16777215,16777215,16777215
32873,CDOTA_Unit_Hero_AncientApparition,2573779,16777215,9011407,14582882,7799008,15040738,16777215,16777215,16777215
32917,CDOTA_Unit_Hero_Void_Spirit,10126696,11976901,9060553,5898445,7373004,6522262,16777215,16777215,16777215
32923,CDOTA_Unit_Hero_Void_Spirit,10126696,11976901,9060553,5898445,7373004,6522262,16777215,16777215,16777215
32927,CDOTA_Unit_Hero_Nevermore,6341864,7471829,14811361,5227697,14943355,12010304,7930687,16777215,16777215
32929,CDOTA_Unit_Hero_Void_Spirit,10126696,11976901,9060553,5898445,7373004,6522262,16777215,16777215,16777215
32997,CDOTA_Unit_Hero_Tusk,1245840,1393323,16777215,6291693,12485281,9290412,16777215,16777215,16777215
33055,CDOTA_Unit_Hero_Abaddon,2442372,15271178,11388328,16777215,16777215,753906,16777215,16777215,16777215
33055,CDOTA_Unit_Hero_Nevermore,6341864,7471829,14811361,5227697,16777215,12010304,7930687,16777215,16777215
33085,CDOTA_Unit_Hero_Beastmaster,5784013,3981570,968100,16777215,1442999,16777215,16777215,16777215,16777215
33095,CDOTA_Unit_Hero_Abaddon,8488090,15271178,11388328,16777215,16777215,753906,16777215,16777215,16777215
33095,CDOTA_Unit_Hero_Beastmaster,5784013,3981570,968100,16777215,1442999,16777215,16777215,16777215,16777215
33505,CDOTA_Unit_Hero_Tusk,1245840,1393323,16777215,6291693,12485281,9290412,16777215,16777215,16777215
33579,CDOTA_Unit_Hero_AncientApparition,16777215,16777215,9011407,14582882,7799008,15040738,2573779,16777215,16777215
33641,CDOTA_Unit_Hero_Void_Spirit,10126696,11976901,10847368,5898445,722198,6522262,16777215,16777215,16777215
33655,CDOTA_Unit_Hero_Tusk,1245840,1393323,16777215,6291693,12485281,9290412,16777215,16777215,16777215
33661,CDOTA_Unit_Hero_Void_Spirit,10126696,11976901,10847368,5898445,722198,16777215,16777215,16777215,6522262
33669,CDOTA_Unit_Hero_Void_Spirit,10126696,11976901,6522262,5898445,722198,16777215,16777215,16777215,10847368
33677,CDOTA_Unit_Hero_Void_Spirit,10126696,11976901,6522262,5898445,722198,10847368,16777215,16777215,16777215
33693,CDOTA_Unit_Hero_Tusk,1245840,1393323,16777215,6291693,12485281,9290412,16777215,16777215,16777215
33707,CDOTA_Unit_Hero_Mars,16777215,15810775,11240828,6308039,12240195,16777215,16777215,16777215,16777215
33747,CDOTA_Unit_Hero_Grimstroke,6571406,3293446,9830663,7684360,5194792,7897348,16777215,16777215,16777215
33763,CDOTA_Unit_Hero_Mars,16777215,15810775,11240828,6308039,12240195,16777215,16777215,16777215,16777215
33769,CDOTA_Unit_Hero_Mars,16777215,15810775,11240828,6308039,12240195,16777215,16777215,16777215,16777215
33803,CDOTA_Unit_Hero_Tusk,1245840,1393323,16777215,6291693,12485281,9290412,16777215,16777215,16777215
33803,CDOTA_Unit_Hero_AncientApparition,5424328,16777215,9011407,14582882,7799008,15040738,2573779,16777215,16777215
33809,CDOTA_Unit_Hero_Grimstroke,6571406,3293446,9830663,7684360,5194792,16777215,16777215,16777215,16777215
33825,CDOTA_Unit_Hero_Grimstroke,6571406,16777215,9830663,7684360,5194792,16777215,16777215,16777215,16777215
33861,CDOTA_Unit_Hero_Grimstroke,6571406,16777215,16777215,7684360,5194792,16777215,16777215,16777215,16777215
33869,CDOTA_Unit_Hero_Grimstroke,6571406,16777215,16777215,7684360,16777215,16777215,16777215,16777215,16777215
33877,CDOTA_Unit_Hero_Grimstroke,6571406,9830663,16777215,7684360,16777215,16777215,16777215,16777215,16777215
33879,CDOTA_Unit_Hero_Nevermore,6341864,7471829,14811361,5227697,16777215,12010304,7930687,16777215,16777215
33881,CDOTA_Unit_Hero_Grimstroke,6571406,9830663,3293446,7684360,16777215,16777215,16777215,16777215,16777215
33899,CDOTA_Unit_Hero_Nevermore,6341864,7471829,14811361,5227697,16777215,12010304,7930687,16777215,16777215
33945,CDOTA_Unit_Hero_AncientApparition,5424328,3588791,9011407,14582882,7799008,15040738,2573779,16777215,16777215
34115,CDOTA_Unit_Hero_Beastmaster,5784013,3981570,968100,9568521,1442999,16777215,16777215,16777215,16777215
34167,CDOTA_Unit_Hero_Abaddon,16777215,15271178,11388328,16777215,16777215,753906,16777215,16777215,16777215
34225,CDOTA_Unit_Hero_Nevermore,6341864,7471829,14811361,5227697,16777215,12010304,7930687,16777215,16777215
34265,CDOTA_Unit_Hero_Morphling,6899009,10929556,4408402,11763942,8570163,16777215,16777215,16777215,16777215
34329,CDOTA_Unit_Hero_Nevermore,6341864,7471829,14811361,5227697,16777215,12010304,7930687,16777215,16777215
34345,CDOTA_Unit_Hero_AncientApparition,5424328,3588791,9011407,14582882,7799008,15040738,2573779,16777215,16777215
34381,CDOTA_Unit_Hero_Nevermore,6341864,7471829,14811361,5227697,16777215,12010304,7930687,16777215,16777215
34499,CDOTA_Unit_Hero_Tusk,1245840,15615066,9094159,10962210,12485281,16777215,16777215,16777215,16777215
34587,CDOTA_Unit_Hero_Void_Spirit,10126696,11976901,722198,5898445,6522262,10847368,16777215,16777215,16777215
34591,CDOTA_Unit_Hero_Grimstroke,6571406,9830663,3293446,7684360,16777215,16777215,16777215,16777215,16777215
34625,CDOTA_Unit_Hero_Beastmaster,5784013,3981570,968100,9568521,1442999,16777215,16777215,16777215,16777215
34667,CDOTA_Unit_Hero_Grimstroke,6571406,9830663,3293446,7684360,16777215,16777215,16777215,16777215,16777215
34671,CDOTA_Unit_Hero_Grimstroke,6571406,9830663,3293446,7684360,16777215,16777215,16777215,16777215,16777215
34679,CDOTA_Unit_Hero_Tusk,1245840,15615066,15615199,10962210,12485281,16777215,16777215,16777215,16777215
34681,CDOTA_Unit_Hero_Void_Spirit,10126696,11976901,722198,5898445,6522262,10847368,16777215,16777215,16777215
34687,CDOTA_Unit_Hero_Void_Spirit,10126696,11976901,722198,5898445,6522262,10847368,16777215,16777215,16777215
34879,CDOTA_Unit_Hero_Beastmaster,5784013,3981570,968100,9568521,1442999,16777215,16777215,16777215,16777215
34905,CDOTA_Unit_Hero_Tusk,1245840,15615066,16777215,10962210,12485281,16777215,16777215,16777215,16777215
34911,CDOTA_Unit_Hero_AncientApparition,5424328,3588791,9011407,16777215,7799008,15040738,2573779,16777215,16777215
35051,CDOTA_Unit_Hero_Nevermore,6341864,7471829,12862899,5227697,14009545,12010304,7930687,16777215,16777215
35081,CDOTA_Unit_Hero_Nevermore,6341864,14009545,12862899,5227697,7471829,12010304,7930687,16777215,16777215
35105,CDOTA_Unit_Hero_AncientApparition,5424328,3588791,9011407,16777215,7799008,15040738,2573779,16777215,16777215
35123,CDOTA_Unit_Hero_AncientApparition,5424328,3588791,9011407,16777215,7799008,15040738,2573779,16777215,16777215
35181,CDOTA_Unit_Hero_Void_Spirit,16777215,11976901,722198,5898445,6522262,10847368,10126696,16777215,16777215
35247,CDOTA_Unit_Hero_PhantomAssassin,16777215,16303512,16777215,11748483,4063976,7798994,16777215,16777215,16777215
35251,CDOTA_Unit_Hero_PhantomAssassin,16777215,16303512,16777215,11748483,4063976,7798994,16777215,16777215,16777215
35383,CDOTA_Unit_Hero_Void_Spirit,16777215,11976901,722198,10126696,6522262,10847368,5898445,16777215,16777215
35437,CDOTA_Unit_Hero_Mars,16777215,15810775,11240828,6308039,12240195,16777215,16777215,16777215,16777215
35441,CDOTA_Unit_Hero_Mars,16777215,15810775,11240828,6308039,12240195,16777215,16777215,16777215,16777215
35463,CDOTA_Unit_Hero_Mars,16777215,15810775,11240828,6308039,12240195,16777215,16777215,16777215,16777215
35465,CDOTA_Unit_Hero_Mars,16777215,15810775,11240828,6308039,12240195,16777215,16777215,16777215,16777215
35579,CDOTA_Unit_Hero_Void_Spirit,5898445,11976901,722198,10126696,6522262,10847368,16777215,16777215,16777215
35585,CDOTA_Unit_Hero_Void_Spirit,10126696,11976901,722198,5898445,6522262,10847368,16777215,16777215,16777215
35669,CDOTA_Unit_Hero_Void_Spirit,10126696,11976901,722198,5898445,6522262,10847368,263427,16777215,16777215
35709,CDOTA_Unit_Hero_Beastmaster,5784013,3981570,968100,9568521,1442999,12763395,16777215,16777215,16777215
35719,CDOTA_Unit_Hero_Void_Spirit,263427,11976901,722198,5898445,6522262,10847368,10126696,16777215,16777215
36011,CDOTA_Unit_Hero_Grimstroke,6571406,9830663,3293446,16777215,16777215,16777215,16777215,16777215,16777215
36015,CDOTA_Unit_Hero_Morphling,6899009,10929556,4408402,11763942,8570163,16777215,16777215,16777215,16777215
36019,CDOTA_Unit_Hero_Morphling,6899009,10929556,4408402,11763942,8570163,16777215,16777215,16777215,16777215
36061,CDOTA_Unit_Hero_AncientApparition,5424328,3588791,9011407,14878136,7799008,15040738,2573779,16777215,16777215
36119,CDOTA_Unit_Hero_Grimstroke,6571406,9830663,3293446,6341940,2016034,16777215,16777215,16777215,16777215
36173,CDOTA_Unit_Hero_Void_Spirit,263427,11976901,722198,16777215,6522262,10847368,10126696,16777215,16777215
36223,CDOTA_Unit_Hero_PhantomAssassin,3933525,16303512,16777215,11748483,4063976,7798994,16777215,16777215,16777215
36225,CDOTA_Unit_Hero_Void_Spirit,263427,11976901,722198,10126696,6522262,10847368,16777215,16777215,16777215
36357,CDOTA_Unit_Hero_AncientApparition,5424328,16777215,9011407,14878136,7799008,15040738,2573779,16777215,16777215
36379,CDOTA_Unit_Hero_Grimstroke,6571406,9830663,3293446,6341940,16777215,2016034,16777215,16777215,16777215
36469,CDOTA_Unit_Hero_Abaddon,16777215,15271178,16777215,16777215,16777215,753906,16777215,16777215,16777215
36505,CDOTA_Unit_Hero_Grimstroke,6571406,9830663,3293446,6341940,16777215,16777215,16777215,16777215,16777215
36515,CDOTA_Unit_Hero_PhantomAssassin,3933525,16303512,16777215,11748483,4063976,7798994,16777215,16777215,16777215
36527,CDOTA_Unit_Hero_Nevermore,6341864,14009545,12862899,5227697,7471829,12010304,7930687,1901631,16777215
36547,CDOTA_Unit_Hero_Nevermore,6341864,14009545,12862899,5227697,7471829,1901631,7930687,12010304,16777215
36595,CDOTA_Unit_Hero_Mars,12731738,15810775,11240828,6308039,12633173,16777215,16777215,16777215,16777215
36631,CDOTA_Unit_Hero_Mars,12731738,15810775,11240828,6308039,16777215,12633173,16777215,16777215,16777215
36721,CDOTA_Unit_Hero_Grimstroke,6571406,16777215,3293446,6341940,16777215,16777215,16777215,9830663,16777215
36737,CDOTA_Unit_Hero_Grimstroke,6571406,16777215,9830663,6341940,16777215,16777215,16777215,3293446,16777215
36751,CDOTA_Unit_Hero_Grimstroke,6571406,16777215,9830663,6341940,3293446,16777215,16777215,16777215,16777215
36767,CDOTA_Unit_Hero_Beastmaster,5784013,3981570,968100,9568521,1442999,12763395,16777215,16777215,16777215
36813,CDOTA_Unit_Hero_Grimstroke,6571406,16777215,9830663,6341940,3293446,16777215,16777215,16777215,16777215
36819,CDOTA_Unit_Hero_Nevermore,6341864,14009545,12862899,5227697,7471829,1901631,7930687,12010304,16777215
36859,CDOTA_Unit_Hero_Grimstroke,6571406,16777215,9830663,6341940,3293446,16777215,16777215,16777215,16777215
36961,CDOTA_Unit_Hero_Beastmaster,5784013,3981570,968100,9568521,1442999,12763395,16777215,16777215,16777215
36967,CDOTA_Unit_Hero_Beastmaster,5784013,3981570,968100,9568521,1442999,12763395,16777215,16777215,16777215
36969,CDOTA_Unit_Hero_PhantomAssassin,3933525,16303512,16777215,16777215,4063976,7798994,16777215,16777215,16777215
36989,CDOTA_Unit_Hero_AncientApparition,5424328,16777215,9011407,14878136,7799008,15040738,2573779,16777215,16777215
36991,CDOTA_Unit_Hero_AncientApparition,5424328,16777215,9011407,14878136,7799008,15040738,2573779,16777215,16777215
37061,CDOTA_Unit_Hero_Morphling,6899009,10929556,4408402,11763942,8570163,13747595,16777215,16777215,16777215
37159,CDOTA_Unit_Hero_AncientApparition,5424328,16777215,9011407,14878136,7799008,15040738,2573779,16777215,16777215
37163,CDOTA_Unit_Hero_AncientApparition,5424328,16777215,9011407,14878136,7799008,15040738,2573779,16777215,16777215
37227,CDOTA_Unit_Hero_Abaddon,16777215,15271178,16777215,16777215,16777215,753906,16777215,16777215,16777215
37239,CDOTA_Unit_Hero_Abaddon,16777215,15271178,16777215,16777215,16777215,753906,16777215,16777215,16777215
37245,CDOTA_Unit_Hero_PhantomAssassin,3933525,16303512,16777215,16777215,4063976,7798994,16777215,16777215,16777215
37375,CDOTA_Unit_Hero_Abaddon,6178295,15271178,16777215,16777215,16777215,753906,16777215,16777215,16777215
37413,CDOTA_Unit_Hero_Grimstroke,6571406,1263085,9830663,6341940,3293446,16777215,16777215,16777215,16777215
37433,CDOTA_Unit_Hero_Grimstroke,6571406,16777215,9830663,6341940,3293446,16777215,16777215,16777215,16777215
37523,CDOTA_Unit_Hero_Nevermore,6341864,14009545,12862899,5227697,7471829,1901631,7930687,12010304,16777215
37615,CDOTA_Unit_Hero_Beastmaster,5784013,3981570,968100,16777215,1442999,12763395,9568521,16777215,16777215
37625,CDOTA_Unit_Hero_Nevermore,6341864,14009545,12862899,5227697,7471829,1901631,7930687,12010304,16777215
37625,CDOTA_Unit_Hero_Grimstroke,6571406,16777215,9830663,6341940,3293446,16777215,16777215,16777215,16777215
37641,CDOTA_Unit_Hero_Beastmaster,5784013,16777215,968100,16777215,1442999,12763395,9568521,3981570,16777215
37693,CDOTA_Unit_Hero_Nevermore,6341864,14009545,12862899,5227697,7471829,1901631,7930687,12010304,16777215
37709,CDOTA_Unit_Hero_Beastmaster,5784013,4998624,968100,3785415,1442999,12763395,9568521,3981570,16777215
37717,CDOTA_Unit_Hero_AncientApparition,5424328,16777215,9011407,4276493,7799008,15040738,2573779,16777215,16777215
37747,CDOTA_Unit_Hero_Mars,16777215,15810775,11240828,6308039,16777215,12633173,16777215,16777215,16777215
37767,CDOTA_Unit_Hero_Nevermore,6341864,14009545,12862899,5227697,7471829,1901631,7930687,12010304,16777215
37779,CDOTA_Unit_Hero_Nevermore,6341864,14009545,12862899,5227697,7471829,1901631,7930687,12010304,16777215
37837,CDOTA_Unit_Hero_Tusk,1245840,16777215,16777215,10962210,12485281,16777215,16777215,16777215,16777215
38031,CDOTA_Unit_Hero_PhantomAssassin,3933525,16303512,16777215,16777215,4063976,7798994,16777215,16777215,16777215
38033,CDOTA_Unit_Hero_AncientApparition,5424328,9569769,9011407,4276493,9159709,16777215,2573779,16777215,16777215
38101,CDOTA_Unit_Hero_AncientApparition,5424328,9159709,9011407,4276493,9569769,16777215,2573779,16777215,16777215
38217,CDOTA_Unit_Hero_PhantomAssassin,3933525,16303512,7357139,16777215,4063976,7798994,16777215,16777215,16777215
38285,CDOTA_Unit_Hero_Abaddon,6178295,15271178,16777215,16777215,16777215,753906,16777215,16777215,16777215
38301,CDOTA_Unit_Hero_Abaddon,6178295,15271178,16777215,16777215,16777215,753906,16777215,16777215,16777215
38347,CDOTA_Unit_Hero_Abaddon,6178295,15271178,16777215,16777215,16777215,753906,16777215,16777215,16777215
38365,CDOTA_Unit_Hero_Morphling,6899009,10929556,4408402,11763942,8570163,13747595,16777215,16777215,16777215
38369,CDOTA_Unit_Hero_Morphling,6899009,10929556,4408402,11763942,8570163,13747595,16777215,16777215,16777215
38375,CDOTA_Unit_Hero_Morphling,6899009,10929556,4408402,11763942,8570163,13747595,16777215,16777215,16777215
38487,CDOTA_Unit_Hero_Morphling,6899009,10929556,4408402,11763942,8570163,13747595,16777215,16777215,16777215
38607,CDOTA_Unit_Hero_Nevermore,16777215,14009545,12862899,5227697,7471829,1901631,7930687,12010304,16777215
38653,CDOTA_Unit_Hero_Morphling,16777215,10929556,4408402,11763942,8570163,13747595,16777215,16777215,16777215
38749,CDOTA_Unit_Hero_Nevermore,14205996,14009545,12862899,5227697,7471829,1901631,7930687,12010304,4195777
38751,CDOTA_Unit_Hero_Tusk,1245840,16777215,16777215,10962210,12485281,16777215,16777215,16777215,16777215
38865,CDOTA_Unit_Hero_PhantomAssassin,3933525,16303512,7357139,16777215,4063976,7798994,16777215,16777215,16777215
38871,CDOTA_Unit_Hero_Tusk,1245840,8045637,16777215,10962210,12485281,16777215,16777215,16777215,16777215
38873,CDOTA_Unit_Hero_Tusk,1245840,8045637,16598473,10962210,12485281,16777215,16777215,16777215,16777215
38899,CDOTA_Unit_Hero_Tusk,1245840,16777215,16598473,10962210,12485281,8045637,16777215,16777215,16777215
38933,CDOTA_Unit_Hero_Abaddon,6178295,15271178,7586843,16777215,16777215,753906,16777215,16777215,16777215
38933,CDOTA_Unit_Hero_Grimstroke,6571406,16777215,9830663,6341940,3293446,16777215,16777215,16777215,16777215
38935,CDOTA_Unit_Hero_AncientApparition,5424328,9159709,9011407,4276493,9569769,16777215,2573779,16777215,16777215
38939,CDOTA_Unit_Hero_Grimstroke,6571406,16777215,9830663,6341940,3293446,16777215,16777215,16777215,16777215
38969,CDOTA_Unit_Hero_AncientApparition,5424328,9159709,9011407,4276493,9569769,16777215,2573779,16777215,16777215
39001,CDOTA_Unit_Hero_Abaddon,6178295,15271178,16777215,16777215,16777215,753906,16777215,16777215,16777215
39187,CDOTA_Unit_Hero_PhantomAssassin,3933525,16303512,7357139,16777215,4063976,7798994,16777215,16777215,16777215
39245,CDOTA_Unit_Hero_Abaddon,6178295,15271178,16777215,16777215,16777215,753906,16777215,16777215,16777215
39497,CDOTA_Unit_Hero_Abaddon,6178295,15271178,16777215,16777215,16777215,753906,16777215,16777215,16777215
39663,CDOTA_Unit_Hero_AncientApparition,5424328,9159709,9011407,4276493,9569769,3130515,2573779,16777215,16777215
39681,CDOTA_Unit_Hero_Grimstroke,6571406,9749629,9830663,6341940,3293446,16777215,16777215,16777215,16777215
39705,CDOTA_Unit_Hero_Grimstroke,6571406,16777215,9830663,6341940,3293446,16777215,16777215,16777215,16777215
39729,CDOTA_Unit_Hero_Morphling,16777215,10929556,4408402,11763942,8570163,11371801,16777215,16777215,16777215
39771,CDOTA_Unit_Hero_Morphling,16777215,10929556,11371801,11763942,8570163,4408402,16777215,16777215,16777215
40039,CDOTA_Unit_Hero_Nevermore,4195777,14009545,12862899,5227697,7471829,1901631,7930687,12010304,14205996
40107,CDOTA_Unit_Hero_Nevermore,4195777,14009545,12862899,5227697,7471829,1901631,7930687,12010304,14205996
40131,CDOTA_Unit_Hero_Mars,2704525,15810775,11240828,6308039,16777215,12633173,16777215,16777215,16777215
40159,CDOTA_Unit_Hero_PhantomAssassin,9569647,16303512,16777215,16777215,4063976,7798994,16777215,16777215,16777215
40299,CDOTA_Unit_Hero_Nevermore,4195777,14009545,12862899,5227697,7471829,1901631,7930687,16777215,14205996
40319,CDOTA_Unit_Hero_Nevermore,4195777,14009545,12862899,5227697,7471829,1901631,16777215,16777215,14205996
40371,CDOTA_Unit_Hero_AncientApparition,5424328,9159709,9011407,2573779,9569769,3130515,4276493,16777215,16777215
40391,CDOTA_Unit_Hero_Morphling,16777215,10929556,11371801,11763942,8570163,5914829,16777215,16777215,16777215
40483,CDOTA_Unit_Hero_Tusk,9061746,2163991,16598473,10962210,12485281,16777215,16777215,16777215,16777215
40525,CDOTA_Unit_Hero_AncientApparition,5424328,9159709,9011407,16777215,9569769,3130515,4276493,16777215,16777215
40675,CDOTA_Unit_Hero_Abaddon,6178295,15271178,16777215,16777215,16777215,753906,16777215,16777215,16777215
40675,CDOTA_Unit_Hero_Nevermore,4195777,14009545,12862899,14205996,7471829,1901631,16777215,16777215,5227697
40691,CDOTA_Unit_Hero_AncientApparition,5424328,9159709,9011407,4276493,9569769,3130515,16777215,16777215,16777215
40837,CDOTA_Unit_Hero_Void_Spirit,263427,11976901,722198,10126696,6522262,10847368,16777215,16777215,16777215
40839,CDOTA_Unit_Hero_Tusk,16777215,2163991,16598473,10962210,12485281,9061746,16777215,16777215,16777215
40865,CDOTA_Unit_Hero_Nevermore,4195777,14009545,12862899,16777215,7471829,1901631,16777215,16777215,5227697
40867,CDOTA_Unit_Hero_Void_Spirit,263427,11976901,722198,10126696,6522262,10847368,16777215,16777215,16777215
41007,CDOTA_Unit_Hero_Nevermore,4195777,14009545,12862899,16777215,7471829,1901631,16777215,16777215,5227697
41047,CDOTA_Unit_Hero_Nevermore,4195777,14009545,12862899,5227697,7471829,1901631,16777215,16777215,16777215
41095,CDOTA_Unit_Hero_Morphling,16777215,10929556,11371801,11763942,8570163,5914829,16777215,16777215,16777215
41163,CDOTA_Unit_Hero_Morphling,16777215,10929556,11371801,11763942,8570163,5914829,16777215,16777215,16777215
41229,CDOTA_Unit_Hero_Tusk,16777215,16777215,16598473,10962210,12485281,9061746,16777215,16777215,16777215
41317,CDOTA_Unit_Hero_Morphling,16777215,10929556,11371801,11763942,8570163,5914829,16777215,16777215,16777215
41467,CDOTA_Unit_Hero_AncientApparition,5424328,9159709,9011407,4276493,9569769,3130515,16777215,16777215,16777215
41479,CDOTA_Unit_Hero_AncientApparition,5424328,9159709,9011407,4276493,9569769,3130515,16777215,16777215,16777215
41491,CDOTA_Unit_Hero_Morphling,16777215,10929556,11371801,11763942,8570163,5914829,16777215,16777215,15303748
41507,CDOTA_Unit_Hero_Morphling,16777215,10929556,11371801,11763942,8570163,5914829,16777215,16777215,15303748
41549,CDOTA_Unit_Hero_Morphling,16777215,10929556,11371801,11763942,8570163,5914829,16777215,16777215,15303748
41603,CDOTA_Unit_Hero_Morphling,16777215,10929556,11371801,11763942,8570163,5914829,16777215,16777215,16777215
41805,CDOTA_Unit_Hero_Mars,2704525,15810775,11240828,6308039,16777215,12633173,16777215,16777215,16777215
41949,CDOTA_Unit_Hero_Abaddon,6178295,15271178,16777215,16777215,16777215,753906,16777215,16777215,16777215
41961,CDOTA_Unit_Hero_Abaddon,6178295,15271178,16777215,16777215,16777215,753906,16777215,16777215,16777215
41999,CDOTA_Unit_Hero_Void_Spirit,263427,11976901,722198,10126696,6522262,10847368,16777215,16777215,16777215
42003,CDOTA_Unit_Hero_Void_Spirit,263427,11976901,722198,10126696,6522262,10847368,16777215,16777215,16777215
42023,CDOTA_Unit_Hero_Void_Spirit,263427,11976901,722198,10126696,6522262,10847368,16777215,16777215,16777215
42051,CDOTA_Unit_Hero_Void_Spirit,263427,11976901,722198,10126696,6522262,10847368,16777215,16777215,16777215
42057,CDOTA_Unit_Hero_Void_Spirit,263427,11976901,722198,10126696,6522262,10847368,16777215,16777215,16777215
42091,CDOTA_Unit_Hero_AncientApparition,5424328,9159709,9011407,16777215,9569769,3130515,16777215,16777215,16777215
42111,CDOTA_Unit_Hero_Morphling,1705235,10929556,11371801,11763942,8570163,5914829,16777215,16777215,16777215
42533,CDOTA_Unit_Hero_AncientApparition,5424328,9159709,9011407,16777215,15762114,3130515,16777215,16777215,16777215
42685,CDOTA_Unit_Hero_Mars,2704525,16777215,11240828,6308039,16777215,12633173,16777215,16777215,16777215
42725,CDOTA_Unit_Hero_Abaddon,6178295,15271178,12076344,16777215,16777215,753906,16777215,16777215,16777215
42897,CDOTA_Unit_Hero_Abaddon,6178295,15271178,16777215,16777215,16777215,753906,16777215,16777215,16777215
42917,CDOTA_Unit_Hero_Tusk,16777215,16777215,16598473,10962210,12485281,9061746,16777215,16777215,16777215
42929,CDOTA_Unit_Hero_Tusk,16777215,16777215,16598473,10962210,12485281,9061746,16777215,16777215,16777215
42939,CDOTA_Unit_Hero_Tusk,16777215,16777215,16598473,10962210,12485281,9061746,16777215,16777215,16777215
42947,CDOTA_Unit_Hero_Void_Spirit,12337852,11976901,722198,10126696,6522262,10847368,13944213,16777215,16777215
42953,CDOTA_Unit_Hero_Tusk,16777215,16777215,16598473,10962210,12485281,9061746,16777215,16777215,16777215
42959,CDOTA_Unit_Hero_Tusk,16777215,16777215,16598473,10962210,12485281,9061746,16777215,16777215,16777215
42971,CDOTA_Unit_Hero_Tusk,16777215,16777215,16598473,10962210,12485281,9061746,16777215,16777215,16777215
43081,CDOTA_Unit_Hero_Abaddon,6178295,15271178,16777215,16777215,16777215,753906,16777215,16777215,16777215
43139,CDOTA_Unit_Hero_Void_Spirit,12337852,11976901,722198,10126696,6522262,10847368,13944213,16777215,16777215
43141,CDOTA_Unit_Hero_Void_Spirit,12337852,11976901,722198,10126696,6522262,10847368,13944213,16777215,16777215
43149,CDOTA_Unit_Hero_Abaddon,6178295,15271178,16777215,16777215,16777215,753906,16777215,16777215,16777215
43199,CDOTA_Unit_Hero_Grimstroke,6571406,16777215,9830663,6341940,3293446,16777215,16777215,16777215,16777215
43203,CDOTA_Unit_Hero_Grimstroke,6571406,16777215,9830663,6341940,3293446,16777215,16777215,16777215,16777215
43241,CDOTA_Unit_Hero_Void_Spirit,12337852,11976901,722198,13944213,6522262,10847368,10126696,16777215,16777215
43249,CDOTA_Unit_Hero_Tusk,16777215,16777215,5276734,10962210,12485281,9061746,16777215,16777215,16777215
43265,CDOTA_Unit_Hero_Tusk,16777215,16777215,16777215,10962210,12485281,9061746,16777215,16777215,16777215
43265,CDOTA_Unit_Hero_Beastmaster,5784013,4998624,968100,3785415,9568521,12763395,1442999,3981570,16777215
43361,CDOTA_Unit_Hero_Abaddon,6178295,15271178,16777215,16777215,16777215,753906,16777215,16777215,16777215
43399,CDOTA_Unit_Hero_Abaddon,6178295,15271178,16777215,16777215,16777215,753906,16777215,16777215,16777215
43401,CDOTA_Unit_Hero_Void_Spirit,12337852,11976901,722198,13944213,6522262,10847368,10126696,16777215,16777215
43455,CDOTA_Unit_Hero_Abaddon,6178295,15271178,16777215,16777215,16777215,753906,16777215,16777215,16777215
43481,CDOTA_Unit_Hero_Void_Spirit,12337852,11976901,722198,16777215,6522262,10847368,10126696,16777215,16777215
43503,CDOTA_Unit_Hero_Void_Spirit,12337852,11976901,722198,10126696,6522262,10847368,16777215,16777215,16777215
43571,CDOTA_Unit_Hero_Void_Spirit,12337852,11976901,722198,10126696,6522262,10847368,16777215,16777215,16777215
43667,CDOTA_Unit_Hero_Beastmaster,5784013,4998624,968100,3785415,1442999,12763395,9568521,3981570,16777215
43683,CDOTA_Unit_Hero_Tusk,702,3048677,16777215,10962210,12485281,9061746,16777215,16777215,16777215
43699,CDOTA_Unit_Hero_Tusk,702,16777215,16777215,10962210,12485281,9061746,16777215,16777215,16777215
43765,CDOTA_Unit_Hero_Abaddon,6178295,15271178,16777215,16777215,16777215,753906,16777215,16777215,16777215
43803,CDOTA_Unit_Hero_AncientApparition,5424328,9159709,9011407,16777215,15762114,3130515,16777215,16777215,16777215
43811,CDOTA_Unit_Hero_Grimstroke,6571406,328978,9830663,6341940,3293446,16777215,16777215,16777215,16777215
43827,CDOTA_Unit_Hero_Grimstroke,6571406,16777215,9830663,6341940,3293446,16777215,16777215,16777215,16777215
43869,CDOTA_Unit_Hero_AncientApparition,5424328,9159709,9011407,16777215,15762114,3130515,16777215,16777215,16777215
43901,CDOTA_Unit_Hero_PhantomAssassin,9569647,16303512,6816916,16777215,4063976,7798994,16777215,16777215,16777215
43963,CDOTA_Unit_Hero_Nevermore,4195777,14009545,12862899,5227697,7471829,1901631,10634460,16777215,16777215
43995,CDOTA_Unit_Hero_Nevermore,4195777,14009545,12862899,5227697,7471829,1901631,12256579,16777215,16777215
44041,CDOTA_Unit_Hero_Abaddon,6178295,15271178,16777215,16777215,16777215,753906,16777215,16777215,16777215
44209,CDOTA_Unit_Hero_Tusk,702,16777215,16777215,10962210,12485281,9061746,16777215,16777215,16777215
44243,CDOTA_Unit_Hero_Void_Spirit,12337852,11976901,722198,10126696,2376370,10847368,10847739,16777215,16777215
44277,CDOTA_Unit_Hero_Tusk,702,16777215,16777215,10962210,12485281,9061746,16777215,16777215,16777215
44293,CDOTA_Unit_Hero_Beastmaster,5784013,4998624,968100,3785415,1442999,12763395,9568521,3981570,16777215
44299,CDOTA_Unit_Hero_Beastmaster,5784013,4998624,968100,3785415,1442999,12763395,9568521,3981570,16777215
44305,CDOTA_Unit_Hero_Nevermore,4195777,14009545,12862899,5227697,7471829,1901631,12256579,16777215,16777215
44335,CDOTA_Unit_Hero_Nevermore,4195777,14009545,12862899,5227697,7471829,1901631,16777215,16777215,16777215
44419,CDOTA_Unit_Hero_Tusk,885347,16777215,16777215,10962210,12485281,9061746,16777215,16777215,16777215
44471,CDOTA_Unit_Hero_AncientApparition,5424328,9159709,9011407,8242604,15762114,3130515,16777215,16777215,16777215
44611,CDOTA_Unit_Hero_Abaddon,6178295,15271178,1050059,2475140,16777215,753906,16777215,16777215,16777215
44723,CDOTA_Unit_Hero_Abaddon,6178295,15271178,1050059,3752396,16777215,753906,16777215,16777215,16777215
44779,CDOTA_Unit_Hero_Void_Spirit,12337852,11976901,722198,10847739,2376370,10847368,10126696,16777215,16777215
44819,CDOTA_Unit_Hero_Tusk,885347,8062021,16777215,10962210,12485281,9061746,16777215,16777215,16777215
44999,CDOTA_Unit_Hero_Abaddon,6178295,15271178,1050059,16777215,16777215,753906,16777215,16777215,16777215
45005,CDOTA_Unit_Hero_Abaddon,6178295,15271178,1050059,3752396,16777215,753906,16777215,16777215,16777215
45115,CDOTA_Unit_Hero_Abaddon,6178295,15271178,1050059,16777215,16777215,753906,16777215,16777215,16777215
45175,CDOTA_Unit_Hero_Beastmaster,5784013,14599180,968100,16777215,1442999,16777215,9568521,3981570,16777215
45227,CDOTA_Unit_Hero_Beastmaster,5784013,14599180,968100,9568521,1442999,16777215,16777215,3981570,16777215
45239,CDOTA_Unit_Hero_Beastmaster,5784013,14599180,968100,9568521,1442999,3981570,16777215,16777215,16777215
45283,CDOTA_Unit_Hero_Abaddon,6178295,15271178,1050059,16777215,16777215,753906,16777215,16777215,16777215
45377,CDOTA_Unit_Hero_Nevermore,4195777,14009545,12862899,5227697,7471829,16777215,16777215,16777215,16777215
45407,CDOTA_Unit_Hero_Grimstroke,6571406,6145367,9830663,6341940,3293446,16777215,16777215,16777215,16777215
45437,CDOTA_Unit_Hero_Void_Spirit,12337852,11976901,16777215,10847739,2376370,10847368,10126696,16777215,16777215
45695,CDOTA_Unit_Hero_Morphling,1705235,10929556,11371801,11763942,8570163,5914829,16777215,16777215,16777215
45877,CDOTA_Unit_Hero_Void_Spirit,12337852,11976901,10126696,10847739,2376370,10847368,16777215,16777215,16777215
45887,CDOTA_Unit_Hero_Void_Spirit,12337852,11976901,10847739,10126696,2376370,10847368,16777215,16777215,16777215
45941,CDOTA_Unit_Hero_Beastmaster,5784013,14599180,968100,9568521,1442999,3981570,16777215,16777215,16777215
45957,CDOTA_Unit_Hero_Beastmaster,5784013,14599180,968100,9568521,1442999,3981570,16777215,16777215,16777215
46043,CDOTA_Unit_Hero_Grimstroke,6571406,6145367,9830663,6341940,16777215,16777215,16777215,16777215,16777215
46061,CDOTA_Unit_Hero_Grimstroke,6571406,6145367,9830663,6341940,3293446,16777215,16777215,16777215,16777215
46087,CDOTA_Unit_Hero_Nevermore,4195777,14009545,12862899,5227697,7471829,3851337,16777215,16777215,16777215
46183,CDOTA_Unit_Hero_Grimstroke,6571406,6145367,9830663,6341940,16777215,16777215,16777215,16777215,16777215
46201,CDOTA_Unit_Hero_Grimstroke,6571406,6145367,16777215,6341940,16777215,16777215,16777215,16777215,16777215
46219,CDOTA_Unit_Hero_Grimstroke,6571406,6145367,9830663,6341940,16777215,16777215,16777215,16777215,16777215
46225,CDOTA_Unit_Hero_Grimstroke,6571406,6145367,9830663,6341940,3293446,16777215,16777215,16777215,16777215
46413,CDOTA_Unit_Hero_Beastmaster,5784013,14599180,968100,16777215,1442999,3981570,9568521,16777215,16777215
46509,CDOTA_Unit_Hero_Mars,15303975,16777215,7276016,4965078,16777215,5751488,16777215,16777215,16777215
46533,CDOTA_Unit_Hero_Morphling,1705235,10929556,11371801,11763942,8570163,5914829,16777215,16777215,16777215
46557,CDOTA_Unit_Hero_Morphling,1705235,10929556,11371801,11763942,8570163,5914829,16777215,16777215,16777215
46565,CDOTA_Unit_Hero_Morphling,1705235,10929556,11371801,11763942,8570163,5914829,16777215,16777215,16777215
46703,CDOTA_Unit_Hero_Beastmaster,5784013,14599180,968100,15024776,1442999,3981570,9568521,16777215,16777215
46705,CDOTA_Unit_Hero_Abaddon,6178295,15271178,1050059,16777215,16777215,753906,16777215,16777215,16777215
46739,CDOTA_Unit_Hero_Beastmaster,5784013,14599180,968100,9568521,1442999,3981570,15024776,16777215,16777215
46745,CDOTA_Unit_Hero_Abaddon,6178295,15271178,1050059,16777215,16777215,753906,16777215,16777215,16777215
46765,CDOTA_Unit_Hero_Abaddon,6178295,15271178,1050059,16777215,16777215,753906,16777215,16777215,16777215
46781,CDOTA_Unit_Hero_Abaddon,6178295,15271178,1050059,16777215,16777215,753906,16777215,16777215,16777215
46835,CDOTA_Unit_Hero_Abaddon,6178295,15271178,1050059,16777215,16777215,753906,16777215,16777215,16777215
46887,CDOTA_Unit_Hero_Abaddon,6178295,15271178,1050059,16777215,16777215,753906,16777215,16777215,16777215
46971,CDOTA_Unit_Hero_Abaddon,6178295,15271178,1050059,16777215,16777215,753906,16777215,16777215,16777215
47019,CDOTA_Unit_Hero_AncientApparition,5424328,9159709,9011407,8242604,15762114,3130515,16777215,16777215,16777215
47025,CDOTA_Unit_Hero_AncientApparition,5424328,9159709,9011407,8242604,15762114,3130515,16777215,16777215,16777215
47073,CDOTA_Unit_Hero_Grimstroke,6538646,6145367,9830663,6341940,3293446,16777215,16777215,16777215,16777215
47213,CDOTA_Unit_Hero_Beastmaster,5784013,14599180,968100,15024776,1442999,3981570,9568521,16777215,16777215
47289,CDOTA_Unit_Hero_AncientApparition,5424328,9159709,9011407,8242604,15762114,3130515,16777215,16777215,16777215
47441,CDOTA_Unit_Hero_Morphling,1705235,10929556,11371801,11763942,8570163,5914829,6325559,16777215,16777215
47619,CDOTA_Unit_Hero_AncientApparition,5424328,9159709,9011407,16777215,15762114,3130515,16777215,16777215,16777215
47775,CDOTA_Unit_Hero_Beastmaster,5784013,14599180,968100,9568521,1442999,3981570,15024776,16777215,16777215
47915,CDOTA_Unit_Hero_Abaddon,6178295,15271178,1050059,11764935,7734535,753906,16777215,16777215,16777215
48003,CDOTA_Unit_Hero_Tusk,16777215,8062021,16777215,10962210,12485281,9061746,16777215,16777215,16777215
48007,CDOTA_Unit_Hero_Abaddon,6178295,15271178,1050059,10945823,7734535,753906,16777215,16777215,16777215
48203,CDOTA_Unit_Hero_AncientApparition,5424328,9159709,9011407,10814767,15762114,3130515,16777215,16777215,16777215
48225,CDOTA_Unit_Hero_Nevermore,3768780,14009545,12862899,5227697,7471829,16777215,16777215,16777215,16777215
48437,CDOTA_Unit_Hero_Abaddon,6178295,15271178,1050059,16777215,7734535,753906,16777215,16777215,16777215
48465,CDOTA_Unit_Hero_Abaddon,6178295,15271178,1050059,10945823,7734535,753906,16777215,16777215,16777215
48571,CDOTA_Unit_Hero_Abaddon,6178295,15271178,1050059,16777215,7734535,753906,16777215,16777215,16777215
48575,CDOTA_Unit_Hero_Nevermore,3768780,14009545,12862899,5227697,7471829,16777215,16777215,16777215,16777215
48639,CDOTA_Unit_Hero_Grimstroke,6538646,6145367,9830663,6341940,3293446,16777215,16777215,16777215,16777215
48709,CDOTA_Unit_Hero_Grimstroke,6538646,6145367,9830663,6341940,3293446,16777215,16777215,16777215,16777215
48719,CDOTA_Unit_Hero_Grimstroke,6538646,6145367,9830663,6341940,3293446,16777215,16777215,16777215,16777215
48781,CDOTA_Unit_Hero_Void_Spirit,12337852,11976901,10847739,10126696,2376370,16777215,16777215,16777215,10847368
48787,CDOTA_Unit_Hero_Void_Spirit,12337852,11976901,10847739,10126696,2376370,10847368,16777215,16777215,16777215
48967,CDOTA_Unit_Hero_Nevermore,3768780,14009545,12862899,5227697,7471829,16777215,16777215,16777215,16777215
48987,CDOTA_Unit_Hero_Morphling,1705235,10929556,11371801,11763942,8570163,6423986,16777215,16777215,16777215
49073,CDOTA_Unit_Hero_Nevermore,16777215,14009545,12862899,5227697,7471829,3768780,16777215,16777215,16777215
49131,CDOTA_Unit_Hero_Mars,16777215,2704525,11240828,6308039,16777215,12633173,16777215,16777215,16777215
49135,CDOTA_Unit_Hero_Nevermore,16777215,14009545,12862899,5227697,7471829,3768780,16777215,16777215,16777215
49217,CDOTA_Unit_Hero_Grimstroke,6538646,6145367,9830663,6341940,3293446,16777215,16777215,16777215,16777215
49329,CDOTA_Unit_Hero_Nevermore,16777215,14009545,12862899,5227697,7471829,3768780,16777215,16777215,16777215
49341,CDOTA_Unit_Hero_Mars,9602537,2704525,11240828,6308039,16777215,12633173,16777215,16777215,16777215
49447,CDOTA_Unit_Hero_AncientApparition,5424328,9159709,9011407,3130515,15762114,10814767,16777215,16777215,16777215
49491,CDOTA_Unit_Hero_Void_Spirit,12337852,11976901,10126696,10847739,2376370,10847368,16777215,16777215,16777215
49497,CDOTA_Unit_Hero_Void_Spirit,12337852,11976901,10126696,2376370,10847739,10847368,16777215,16777215,16777215
49555,CDOTA_Unit_Hero_PhantomAssassin,9569647,16303512,6816916,11961636,4063976,7798994,16777215,16777215,16777215
49691,CDOTA_Unit_Hero_AncientApparition,5424328,9159709,9011407,3130515,15762114,10454488,16777215,16777215,16777215
49871,CDOTA_Unit_Hero_Beastmaster,5784013,968100,14599180,9568521,1442999,3981570,15024776,16777215,16777215
49883,CDOTA_Unit_Hero_Abaddon,6178295,15271178,1050059,16777215,7734535,753906,16777215,16777215,16777215
49901,CDOTA_Unit_Hero_Abaddon,6178295,15271178,1050059,16777215,7734535,753906,16777215,16777215,16777215
49913,CDOTA_Unit_Hero_Beastmaster,5784013,968100,3981570,9568521,1442999,14599180,15024776,16777215,16777215
50097,CDOTA_Unit_Hero_Nevermore,8603008,14009545,12862899,5227697,7471829,3768780,16777215,16777215,16777215
50255,CDOTA_Unit_Hero_Grimstroke,6538646,16777215,9830663,6341940,3293446,16777215,16777215,16777215,16777215
50439,CDOTA_Unit_Hero_Tusk,16777215,16777215,16777215,10962210,12485281,9061746,16777215,16777215,16777215
50491,CDOTA_Unit_Hero_AncientApparition,5424328,9159709,9011407,3130515,15762114,10454488,16777215,16777215,16777215
50497,CDOTA_Unit_Hero_AncientApparition,5424328,9159709,9011407,3130515,15762114,10454488,16777215,16777215,16777215
50503,CDOTA_Unit_Hero_AncientApparition,5424328,9159709,9011407,3130515,15762114,10454488,16777215,16777215,16777215
50505,CDOTA_Unit_Hero_Abaddon,6178295,15271178,1050059,7127756,7734535,753906,16777215,16777215,16777215
50521,CDOTA_Unit_Hero_AncientApparition,5424328,9159709,9011407,3130515,15762114,10454488,16777215,16777215,16777215
50955,CDOTA_Unit_Hero_Abaddon,6178295,15271178,1050059,7127756,7734535,753906,16777215,16777215,16777215
51015,CDOTA_Unit_Hero_Abaddon,6178295,15271178,1050059,7127756,7734535,753906,16777215,16777215,16777215
51345,CDOTA_Unit_Hero_Abaddon,6178295,15271178,1050059,7127756,7734535,753906,16777215,16777215,16777215
51657,CDOTA_Unit_Hero_AncientApparition,5424328,9159709,9011407,3130515,15762114,3867721,16777215,16777215,16777215
51897,CDOTA_Unit_Hero_Grimstroke,6538646,755020,9830663,6341940,3293446,16777215,16777215,16777215,16777215
51911,CDOTA_Unit_Hero_Grimstroke,6538646,13321658,9830663,6341940,3293446,16777215,16777215,16777215,16777215
51937,CDOTA_Unit_Hero_Grimstroke,6538646,16777215,9830663,6341940,3293446,13321658,16777215,16777215,16777215
51969,CDOTA_Unit_Hero_Abaddon,6178295,15271178,1050059,7127756,7734535,753906,16777215,16777215,16777215
52217,CDOTA_Unit_Hero_AncientApparition,5424328,9159709,9011407,3130515,15762114,3867721,16777215,16777215,16777215
52219,CDOTA_Unit_Hero_AncientApparition,5424328,9159709,9011407,3130515,15762114,3867721,16777215,16777215,16777215
52249,CDOTA_Unit_Hero_AncientApparition,5424328,9159709,9011407,3130515,15762114,3867721,16777215,16777215,16777215
52281,CDOTA_Unit_Hero_PhantomAssassin,9569647,16777215,16777215,16777215,4063976,4474271,16777215,16777215,16777215
52371,CDOTA_Unit_Hero_AncientApparition,5424328,9159709,9011407,3130515,15762114,10241069,16777215,16777215,16777215
52433,CDOTA_Unit_Hero_Nevermore,16777215,14009545,12862899,5227697,7471829,3768780,16777215,16777215,16777215
52459,CDOTA_Unit_Hero_AncientApparition,5424328,9159709,9011407,3130515,15762114,10241069,16777215,16777215,16777215
52515,CDOTA_Unit_Hero_Void_Spirit,12337852,11976901,10126696,2376370,5850474,10847368,16777215,16777215,16777215
52549,CDOTA_Unit_Hero_Beastmaster,5784013,968100,3981570,9568521,1442999,14599180,15024776,16777215,16777215
52557,CDOTA_Unit_Hero_Beastmaster,5784013,968100,3981570,9568521,1442999,14599180,15024776,16777215,16777215
52737,CDOTA_Unit_Hero_Morphling,11763942,10929556,11371801,1705235,8570163,6423986,16777215,16777215,16777215
52911,CDOTA_Unit_Hero_PhantomAssassin,9569647,16777215,16777215,16777215,4063976,4474271,16777215,16777215,16777215
52967,CDOTA_Unit_Hero_Morphling,11763942,10929556,11371801,1705235,8570163,6423986,16777215,16777215,16777215
52973,CDOTA_Unit_Hero_Morphling,11763942,10929556,11371801,1705235,8570163,6423986,16777215,16777215,16777215
53193,CDOTA_Unit_Hero_AncientApparition,5424328,9159709,9011407,3130515,15762114,10241069,2884714,16777215,16777215
53277,CDOTA_Unit_Hero_Abaddon,6178295,15271178,1050059,7127756,7734535,753906,16777215,16777215,16777215
53283,CDOTA_Unit_Hero_Abaddon,6178295,15271178,1050059,7127756,7734535,753906,16777215,16777215,16777215
53319,CDOTA_Unit_Hero_Tusk,8717330,16777215,16777215,10962210,12485281,9061746,16777215,16777215,16777215
53337,CDOTA_Unit_Hero_Abaddon,6178295,15271178,1050059,7127756,16777215,753906,7734535,16777215,16777215
53349,CDOTA_Unit_Hero_AncientApparition,5424328,9159709,2884714,3130515,15762114,10241069,9011407,16777215,16777215
53377,CDOTA_Unit_Hero_PhantomAssassin,9569647,16777215,16777215,16777215,4063976,4474271,16777215,16777215,16777215
53493,CDOTA_Unit_Hero_PhantomAssassin,9569647,16777215,16777215,16777215,4063976,4474271,16777215,16777215,16777215
53509,CDOTA_Unit_Hero_PhantomAssassin,9569647,16777215,16777215,16777215,4063976,4474271,16777215,16777215,16777215
53527,CDOTA_Unit_Hero_PhantomAssassin,9569647,16777215,16777215,16777215,4063976,4474271,16777215,16777215,16777215
53555,CDOTA_Unit_Hero_PhantomAssassin,9569647,16777215,16777215,16777215,4063976,4474271,16777215,16777215,16777215
53637,CDOTA_Unit_Hero_Abaddon,6178295,15271178,1050059,7127756,10995148,753906,7734535,16777215,16777215
53671,CDOTA_Unit_Hero_Void_Spirit,12337852,10126696,11976901,2376370,5850474,10847368,16777215,16777215,16777215
53723,CDOTA_Unit_Hero_Morphling,16777215,10929556,11371801,1705235,8570163,6423986,11763942,16777215,16777215
53757,CDOTA_Unit_Hero_Beastmaster,5784013,968100,3981570,9568521,1442999,7308647,15024776,16777215,16777215
54041,CDOTA_Unit_Hero_Morphling,10043827,10929556,11371801,1705235,8570163,6423986,11763942,16777215,16777215
54211,CDOTA_Unit_Hero_PhantomAssassin,9569647,15189063,15975454,16777215,4063976,4474271,16777215,16777215,16777215
54235,CDOTA_Unit_Hero_PhantomAssassin,9569647,16777215,15975454,16777215,4063976,4474271,16777215,16777215,16777215
54469,CDOTA_Unit_Hero_Tusk,8717330,4670575,16777215,10962210,12485281,9061746,16777215,16777215,16777215
54477,CDOTA_Unit_Hero_Tusk,8717330,8340094,16777215,10962210,12485281,9061746,16777215,16777215,16777215
54507,CDOTA_Unit_Hero_Tusk,8717330,8340094,6899101,10962210,12485281,9061746,16777215,16777215,16777215
54643,CDOTA_Unit_Hero_PhantomAssassin,9569647,16777215,15975454,16777215,4063976,4474271,16777215,16777215,16777215
54693,CDOTA_Unit_Hero_PhantomAssassin,9569647,16777215,15975454,16777215,4063976,4474271,16777215,16777215,16777215
54761,CDOTA_Unit_Hero_PhantomAssassin,9569647,16777215,15975454,16777215,4063976,4474271,16777215,16777215,16777215
54763,CDOTA_Unit_Hero_Grimstroke,6538646,16777215,9830663,6341940,3293446,13403141,16777215,16777215,16777215
54947,CDOTA_Unit_Hero_PhantomAssassin,9569647,16777215,15975454,16777215,4063976,4474271,16777215,16777215,16777215
55001,CDOTA_Unit_Hero_Nevermore,16777215,14009545,12862899,5227697,7471829,3768780,16777215,16777215,16777215
55005,CDOTA_Unit_Hero_Mars,9602537,2704525,11240828,6308039,16777215,12633173,16777215,16777215,16777215
55007,CDOTA_Unit_Hero_Nevermore,16777215,14009545,12862899,5227697,7471829,3768780,16777215,16777215,16777215
55219,CDOTA_Unit_Hero_Tusk,8717330,15369666,6899101,10962210,12485281,9061746,16777215,16777215,16777215
55243,CDOTA_Unit_Hero_Tusk,8717330,16777215,6899101,10962210,12485281,9061746,16777215,16777215,16777215
55261,CDOTA_Unit_Hero_Nevermore,14419295,14009545,12862899,5227697,7471829,3768780,16777215,16777215,16777215
55419,CDOTA_Unit_Hero_Nevermore,7471829,14009545,12862899,5227697,14419295,3768780,16777215,16777215,16777215
55499,CDOTA_Unit_Hero_Void_Spirit,12337852,10126696,16777215,2376370,5850474,10847368,16777215,16777215,11976901
55799,CDOTA_Unit_Hero_Abaddon,6178295,15271178,1050059,16777215,10995148,753906,7734535,16777215,16777215
55855,CDOTA_Unit_Hero_Void_Spirit,12337852,10126696,1459708,2376370,5850474,10847368,16777215,16777215,11976901
56083,CDOTA_Unit_Hero_Beastmaster,5784013,968100,3981570,9568521,1442999,7308647,15024776,16777215,16777215
56167,CDOTA_Unit_Hero_Void_Spirit,5588398,2672118,3065012,5964981,3441856,10683612,16777215,16777215,4326622
56647,CDOTA_Unit_Hero_Grimstroke,6538646,16777215,9830663,6341940,3293446,13403141,16777215,16777215,16777215
56723,CDOTA_Unit_Hero_Grimstroke,6538646,12780656,9830663,6341940,3293446,13403141,16777215,16777215,16777215
56741,CDOTA_Unit_Hero_Tusk,8717330,6013616,6899101,10962210,12485281,9061746,16777215,16777215,16777215
56777,CDOTA_Unit_Hero_Tusk,8717330,16777215,6899101,10962210,12485281,9061746,16777215,16777215,16777215
56787,CDOTA_Unit_Hero_Abaddon,6178295,15271178,1050059,16777215,10995148,753906,7734535,16777215,16777215
56795,CDOTA_Unit_Hero_Abaddon,6178295,15271178,1050059,16777215,10995148,753906,7734535,16777215,16777215
56803,CDOTA_Unit_Hero_AncientApparition,5424328,9159709,2884714,3130515,15762114,10241069,9011407,16777215,16777215
57051,CDOTA_Unit_Hero_AncientApparition,5424328,9159709,2884714,3130515,15762114,10241069,9011407,16777215,16777215
57183,CDOTA_Unit_Hero_Tusk,8717330,4555822,6899101,10962210,12485281,9061746,16777215,16777215,16777215
57327,CDOTA_Unit_Hero_Mars,9602537,2704525,11240828,6308039,16777215,12633173,13779130,16777215,16777215
57349,CDOTA_Unit_Hero_Mars,9602537,2704525,11240828,6308039,16777215,12633173,16777215,16777215,16777215
57403,CDOTA_Unit_Hero_Tusk,8717330,4555822,6899101,10962210,12485281,9061746,16777215,16777215,16777215
57421,CDOTA_Unit_Hero_Tusk,8717330,4555822,6899101,10962210,12485281,9061746,16777215,16777215,16777215
57545,CDOTA_Unit_Hero_Beastmaster,5784013,968100,3981570,9568521,1442999,7308647,15024776,16777215,16777215
57577,CDOTA_Unit_Hero_AncientApparition,5424328,9159709,2884714,3130515,15762114,16777215,9011407,16777215,16777215
57651,CDOTA_Unit_Hero_Nevermore,7471829,14009545,12862899,5227697,14419295,3768780,16777215,16777215,16777215
57665,CDOTA_Unit_Hero_Nevermore,7471829,14009545,12862899,5227697,14419295,3768780,16777215,16777215,16777215
57685,CDOTA_Unit_Hero_Tusk,8717330,2524292,16777215,10962210,16777215,9061746,16777215,16777215,16777215
57713,CDOTA_Unit_Hero_Tusk,8717330,16777215,16777215,10962210,2524292,9061746,16777215,16777215,16777215
57873,CDOTA_Unit_Hero_PhantomAssassin,9569647,16777215,15975454,16777215,4063976,4474271,11765217,16777215,16777215
57895,CDOTA_Unit_Hero_PhantomAssassin,9569647,16777215,15975454,16777215,4063976,4474271,10601926,16777215,16777215
57911,CDOTA_Unit_Hero_PhantomAssassin,9569647,16777215,15975454,16777215,4063976,4474271,16777215,16777215,16777215
57967,CDOTA_Unit_Hero_AncientApparition,5424328,9159709,2884714,3130515,15762114,10208511,9011407,16777215,16777215
57969,CDOTA_Unit_Hero_Nevermore,7471829,14009545,12862899,5227697,14419295,3768780,3474879,16777215,16777215
58001,CDOTA_Unit_Hero_Nevermore,7471829,14009545,12862899,5227697,14419295,3768780,12256579,16777215,16777215
58015,CDOTA_Unit_Hero_Mars,9602537,2704525,11240828,6308039,16122993,12633173,16777215,16777215,16777215
58021,CDOTA_Unit_Hero_Nevermore,7471829,14009545,12862899,5227697,14419295,3768780,16777215,16777215,16777215
58061,CDOTA_Unit_Hero_Abaddon,6178295,15271178,1050059,12174383,10995148,753906,7734535,16777215,16777215
58083,CDOTA_Unit_Hero_AncientApparition,5424328,9159709,2884714,3130515,15762114,16777215,9011407,16777215,16777215
58095,CDOTA_Unit_Hero_Morphling,8356478,10929556,11371801,1705235,8570163,6423986,11763942,16777215,16777215
58121,CDOTA_Unit_Hero_PhantomAssassin,9569647,16777215,15975454,16777215,4063976,4474271,4359611,16777215,16777215
58125,CDOTA_Unit_Hero_Morphling,8356478,10929556,11371801,1705235,8570163,6423986,16777215,16777215,16777215
58165,CDOTA_Unit_Hero_Beastmaster,5784013,968100,3981570,9568521,1442999,7308647,15024776,16777215,16777215
58179,CDOTA_Unit_Hero_Beastmaster,5784013,968100,3981570,9568521,1442999,7308647,15024776,16777215,16777215
58233,CDOTA_Unit_Hero_PhantomAssassin,9569647,16777215,15975454,16777215,4063976,4474271,16777215,16777215,16777215
58319,CDOTA_Unit_Hero_PhantomAssassin,9569647,6866420,15975454,16777215,4063976,4474271,16777215,16777215,16777215
58573,CDOTA_Unit_Hero_Grimstroke,6538646,12780656,9830663,6341940,3293446,13403141,16777215,16777215,16777215
58577,CDOTA_Unit_Hero_Grimstroke,6538646,12780656,9830663,6341940,3293446,13403141,16777215,16777215,16777215
58647,CDOTA_Unit_Hero_Morphling,8356478,10929556,11371801,1705235,16777215,6423986,16777215,8570163,16777215
58689,CDOTA_Unit_Hero_Grimstroke,5227947,12780656,9830663,6341940,3293446,13403141,4572597,16777215,16777215
58711,CDOTA_Unit_Hero_Beastmaster,5784013,968100,3981570,9568521,1442999,7308647,15024776,16777215,16777215
58733,CDOTA_Unit_Hero_Morphling,8356478,10929556,11371801,1705235,4964597,6423986,16777215,8570163,16777215
58779,CDOTA_Unit_Hero_Morphling,8356478,10929556,11371801,1705235,4964597,6423986,16777215,8570163,7357667
58907,CDOTA_Unit_Hero_Grimstroke,5227947,15041614,9830663,6341940,3293446,13403141,16777215,16777215,16777215
58935,CDOTA_Unit_Hero_Tusk,8717330,16777215,16777215,10962210,2524292,9061746,16777215,16777215,16777215
58935,CDOTA_Unit_Hero_Morphling,8356478,10929556,11371801,1705235,4964597,6423986,16777215,8570163,7357667
58939,CDOTA_Unit_Hero_Abaddon,6178295,15271178,1050059,16777215,10995148,753906,7734535,16777215,16777215
58947,CDOTA_Unit_Hero_Abaddon,6178295,15271178,1050059,12174383,10995148,753906,7734535,16777215,16777215
58957,CDOTA_Unit_Hero_AncientApparition,5424328,9159709,2884714,3130515,15762114,16777215,9011407,16777215,16777215
58963,CDOTA_Unit_Hero_AncientApparition,5424328,9159709,2884714,3130515,15762114,16777215,9011407,16777215,16777215
58995,CDOTA_Unit_Hero_Morphling,8356478,10929556,11371801,1705235,4964597,6423986,16777215,8570163,16777215
59011,CDOTA_Unit_Hero_Abaddon,6178295,15271178,1050059,16777215,10995148,753906,7734535,16777215,16777215
59075,CDOTA_Unit_Hero_Abaddon,6178295,15271178,1050059,16777215,10995148,753906,7734535,16777215,16777215
59083,CDOTA_Unit_Hero_Abaddon,6178295,15271178,1050059,16777215,10995148,753906,7734535,16777215,16777215
59105,CDOTA_Unit_Hero_Abaddon,6178295,15271178,1050059,16777215,10995148,753906,7734535,16777215,16777215
59105,CDOTA_Unit_Hero_Grimstroke,5227947,15041614,9830663,6341940,3293446,16777215,16777215,16777215,16777215
59125,CDOTA_Unit_Hero_AncientApparition,5424328,9159709,2884714,3130515,15762114,9011407,16777215,16777215,16777215
59139,CDOTA_Unit_Hero_AncientApparition,5424328,9159709,2884714,3130515,15762114,9011407,16777215,16777215,16777215
59145,CDOTA_Unit_Hero_Beastmaster,5784013,968100,3981570,9568521,1442999,7308647,15024776,16777215,16777215
59239,CDOTA_Unit_Hero_Tusk,8717330,16777215,16777215,10962210,2524292,9061746,16777215,16777215,16777215
59249,CDOTA_Unit_Hero_Tusk,8717330,16777215,16777215,10962210,2524292,9061746,16777215,16777215,16777215
59259,CDOTA_Unit_Hero_PhantomAssassin,9569647,6866420,15975454,16777215,4063976,4474271,14631948,16777215,16777215
59297,CDOTA_Unit_Hero_Grimstroke,5227947,15041614,9830663,6341940,3293446,16777215,16777215,16777215,16777215
59301,CDOTA_Unit_Hero_Grimstroke,5227947,15041614,9830663,6341940,3293446,16777215,16777215,16777215,16777215
59337,CDOTA_Unit_Hero_Void_Spirit,12337852,16777215,1459708,2376370,5850474,10847368,16777215,10126696,11976901
59357,CDOTA_Unit_Hero_Void_Spirit,12337852,5014230,1459708,2376370,5850474,10847368,16777215,10126696,11976901
59379,CDOTA_Unit_Hero_PhantomAssassin,9569647,6866420,15975454,16777215,4063976,4474271,11765217,16777215,16777215
59569,CDOTA_Unit_Hero_PhantomAssassin,9569647,6866420,15975454,16777215,4063976,4474271,16777215,16777215,16777215
59579,CDOTA_Unit_Hero_Mars,9602537,2704525,11240828,6308039,16122993,12633173,15156385,16777215,16777215
59627,CDOTA_Unit_Hero_Abaddon,6178295,15271178,1050059,16777215,10995148,753906,7734535,16777215,16777215
59631,CDOTA_Unit_Hero_Mars,9602537,2704525,11240828,6308039,16122993,12633173,7341541,16777215,16777215
59675,CDOTA_Unit_Hero_Mars,9602537,2704525,11240828,6308039,16122993,12633173,16777215,16777215,16777215
59703,CDOTA_Unit_Hero_Mars,9602537,2704525,11240828,6308039,16122993,12633173,15483577,16777215,16777215
59743,CDOTA_Unit_Hero_Mars,9602537,2704525,11240828,6308039,16122993,12633173,16777215,16777215,16777215
59771,CDOTA_Unit_Hero_Grimstroke,5227947,15041614,9830663,6341940,3293446,16777215,4359611,16777215,16777215
59851,CDOTA_Unit_Hero_Grimstroke,5227947,15041614,9830663,6341940,3293446,16777215,16516462,16777215,16777215
59877,CDOTA_Unit_Hero_Grimstroke,5227947,15041614,9830663,6341940,3293446,16777215,16777215,16777215,16777215
59961,CDOTA_Unit_Hero_Beastmaster,5784013,968100,3981570,9568521,1442999,16532070,15024776,16777215,16777215
60057,CDOTA_Unit_Hero_Abaddon,6178295,15271178,1050059,16777215,10995148,753906,7734535,16777215,16777215
60071,CDOTA_Unit_Hero_Abaddon,6178295,15271178,1050059,16777215,10995148,753906,7734535,16777215,16777215
60173,CDOTA_Unit_Hero_Abaddon,6178295,15271178,1050059,5800120,10995148,753906,7734535,16777215,16777215
60193,CDOTA_Unit_Hero_Abaddon,6178295,15271178,1050059,6849666,968124,753906,16777215,16777215,16777215
60351,CDOTA_Unit_Hero_AncientApparition,5424328,9159709,2884714,3130515,15762114,16777215,16777215,9011407,16777215
60395,CDOTA_Unit_Hero_Beastmaster,5784013,968100,3981570,9568521,1442999,16532070,15024776,16777215,16777215
60409,CDOTA_Unit_Hero_Tusk,8717330,10141914,16777215,10962210,2524292,9061746,16777215,16777215,16777215
60425,CDOTA_Unit_Hero_AncientApparition,5424328,9159709,2884714,3130515,15762114,3622370,16777215,9011407,16777215
60465,CDOTA_Unit_Hero_Abaddon,6178295,15271178,1050059,5424131,968124,753906,16777215,16777215,16777215
60517,CDOTA_Unit_Hero_Void_Spirit,12337852,5014230,1459708,2376370,5850474,10126696,16777215,10847368,11976901
60549,CDOTA_Unit_Hero_AncientApparition,5424328,9159709,2884714,3130515,15762114,6915485,16777215,9011407,16777215
60701,CDOTA_Unit_Hero_Morphling,8356478,10929556,11371801,1705235,4964597,6423986,16777215,8570163,16777215
60813,CDOTA_Unit_Hero_Abaddon,6178295,15271178,1050059,5424131,968124,753906,16777215,16777215,16777215
60829,CDOTA_Unit_Hero_Abaddon,6178295,15271178,1050059,5424131,968124,753906,16777215,16777215,16777215
60873,CDOTA_Unit_Hero_PhantomAssassin,9569647,6866420,15975454,16777215,4063976,4474271,16777215,16777215,16777215
60919,CDOTA_Unit_Hero_PhantomAssassin,9569647,6866420,15975454,16777215,4063976,4474271,16777215,16777215,16777215
60925,CDOTA_Unit_Hero_PhantomAssassin,9569647,6866420,15975454,16777215,4063976,4474271,16777215,16777215,16777215
61175,CDOTA_Unit_Hero_AncientApparition,5424328,9159709,2884714,16777215,15762114,6915485,16777215,9011407,16777215
61177,CDOTA_Unit_Hero_Morphling,8356478,10929556,11371801,1705235,4964597,6423986,16777215,8570163,16777215
61183,CDOTA_Unit_Hero_Morphling,8356478,10929556,11371801,1705235,4964597,6423986,16777215,8570163,16777215
61351,CDOTA_Unit_Hero_AncientApparition,5424328,9159709,2884714,9717045,15762114,6915485,16777215,9011407,16777215
61423,CDOTA_Unit_Hero_Abaddon,6178295,15271178,1050059,6980020,968124,753906,16777215,16777215,16777215
61539,CDOTA_Unit_Hero_PhantomAssassin,9569647,6866420,15975454,16777215,4063976,4474271,16777215,16777215,16777215
61569,CDOTA_Unit_Hero_Abaddon,6178295,15271178,1050059,11601153,968124,753906,16777215,16777215,16777215
61613,CDOTA_Unit_Hero_Beastmaster,5784013,968100,3981570,9568521,1442999,16532070,15024776,16777215,16777215
61837,CDOTA_Unit_Hero_Abaddon,6178295,15271178,1050059,11601153,968124,753906,16777215,16777215,16777215
61859,CDOTA_Unit_Hero_Grimstroke,5227947,15041614,9830663,6341940,3293446,16777215,16777215,16777215,16777215
61863,CDOTA_Unit_Hero_Grimstroke,5227947,15041614,9830663,6341940,3293446,16777215,16777215,16777215,16777215
61871,CDOTA_Unit_Hero_Grimstroke,5227947,15041614,9830663,6341940,3293446,16777215,16777215,16777215,16777215
62011,CDOTA_Unit_Hero_Abaddon,6178295,15271178,1050059,11601153,968124,753906,16777215,16777215,16777215
62287,CDOTA_Unit_Hero_Morphling,8356478,10929556,11371801,1705235,4964597,6423986,16777215,8570163,16777215
62375,CDOTA_Unit_Hero_Abaddon,6178295,15271178,1050059,11601153,968124,753906,16777215,16777215,16777215
62489,CDOTA_Unit_Hero_AncientApparition,5424328,9159709,2884714,9717045,15762114,6915485,16777215,16777215,16777215
62599,CDOTA_Unit_Hero_PhantomAssassin,9569647,6866420,15975454,10060211,4063976,4474271,16777215,16777215,16777215
62773,CDOTA_Unit_Hero_Void_Spirit,12337852,5014230,1459708,2376370,5850474,10126696,16777215,10847368,11976901
62781,CDOTA_Unit_Hero_Void_Spirit,12337852,5014230,1459708,2376370,5850474,10126696,16777215,10847368,11976901
62807,CDOTA_Unit_Hero_Void_Spirit,12337852,5014230,1459708,2376370,5850474,10126696,16777215,10847368,11976901
62831,CDOTA_Unit_Hero_Void_Spirit,12337852,5014230,1459708,2376370,5850474,10126696,16777215,10847368,11976901
62831,CDOTA_Unit_Hero_AncientApparition,5424328,9159709,2884714,9717045,15762114,6915485,15877380,16777215,16777215
62853,CDOTA_Unit_Hero_AncientApparition,5424328,9159709,2884714,9717045,15762114,6915485,15877380,11650226,16777215
63009,CDOTA_Unit_Hero_Abaddon,6178295,15271178,1050059,9389302,968124,753906,16777215,16777215,16777215
63061,CDOTA_Unit_Hero_Void_Spirit,12337852,5014230,1459708,2376370,5850474,10847368,16777215,10126696,11976901
63091,CDOTA_Unit_Hero_Grimstroke,16777215,15041614,9830663,6341940,3293446,16777215,16777215,16777215,16777215
63103,CDOTA_Unit_Hero_Grimstroke,9027824,15041614,9830663,6341940,3293446,868591,16777215,16777215,16777215
63213,CDOTA_Unit_Hero_Beastmaster,5784013,968100,3981570,9568521,1442999,16532070,15024776,16777215,16777215
63227,CDOTA_Unit_Hero_PhantomAssassin,9569647,6866420,15975454,10060211,4063976,4474271,16777215,16777215,16777215
63267,CDOTA_Unit_Hero_Grimstroke,9027824,15041614,9830663,6341940,16777215,868591,16777215,16777215,16777215
63283,CDOTA_Unit_Hero_Abaddon,6178295,15271178,1050059,9389302,968124,753906,11682826,16777215,16777215
63311,CDOTA_Unit_Hero_Abaddon,11682826,15271178,1050059,9389302,968124,753906,6178295,16777215,16777215
63321,CDOTA_Unit_Hero_Grimstroke,9027824,15041614,16777215,6341940,16777215,868591,16777215,16777215,16777215
63331,CDOTA_Unit_Hero_Grimstroke,8291789,15041614,16777215,6341940,16777215,16777215,16777215,16777215,16777215
63431,CDOTA_Unit_Hero_Void_Spirit,12337852,5014230,1459708,2376370,5850474,10847368,11650226,10126696,11976901
63431,CDOTA_Unit_Hero_AncientApparition,5424328,9159709,2884714,9717045,15762114,6915485,15877380,16777215,16777215
63439,CDOTA_Unit_Hero_Void_Spirit,12337852,9618732,16777215,2376370,5850474,10847368,16777215,10126696,11976901
63439,CDOTA_Unit_Hero_AncientApparition,5424328,9159709,2884714,9717045,15762114,6915485,16777215,16777215,16777215
63487,CDOTA_Unit_Hero_Void_Spirit,12337852,9618732,10126696,2376370,5850474,10847368,16777215,16777215,11976901
63495,CDOTA_Unit_Hero_Void_Spirit,12337852,10126696,9618732,2376370,5850474,10847368,16777215,16777215,11976901
63517,CDOTA_Unit_Hero_AncientApparition,5424328,9159709,2884714,9717045,15762114,6915485,16777215,16777215,16777215
63525,CDOTA_Unit_Hero_AncientApparition,5424328,9159709,2884714,9717045,15762114,6915485,16777215,16777215,16777215
63529,CDOTA_Unit_Hero_AncientApparition,5424328,9159709,2884714,9717045,15762114,6915485,16777215,16777215,16777215
63585,CDOTA_Unit_Hero_Grimstroke,8291789,16777215,16777215,6341940,16777215,15041614,16777215,16777215,16777215
63599,CDOTA_Unit_Hero_PhantomAssassin,9569647,6866420,15975454,10060211,4063976,4474271,16777215,16777215,16777215
63649,CDOTA_Unit_Hero_AncientApparition,5424328,9159709,2884714,9717045,15762114,16777215,16777215,16777215,16777215
63655,CDOTA_Unit_Hero_PhantomAssassin,9569647,14239215,15975454,16777215,4063976,4474271,16777215,16777215,16777215
63673,CDOTA_Unit_Hero_PhantomAssassin,9569647,14239215,15975454,16777215,4063976,4474271,16777215,16777215,16777215
63699,CDOTA_Unit_Hero_PhantomAssassin,9569647,15975454,14239215,16777215,4063976,4474271,16777215,16777215,16777215
63797,CDOTA_Unit_Hero_Morphling,8356478,10929556,11371801,16777215,4964597,6423986,16777215,8570163,16777215
63841,CDOTA_Unit_Hero_Nevermore,7471829,14009545,12862899,5227697,14419295,3768780,16777215,16777215,16777215
63849,CDOTA_Unit_Hero_Nevermore,16777215,14009545,12862899,5227697,14419295,3768780,16777215,16777215,16777215
63849,CDOTA_Unit_Hero_Morphling,8356478,10929556,11371801,8570163,4964597,6423986,16777215,16777215,16777215
63855,CDOTA_Unit_Hero_Nevermore,3851201,14009545,12862899,5227697,14419295,3768780,16777215,16777215,16777215
63857,CDOTA_Unit_Hero_Nevermore,4588590,14009545,12862899,5227697,16777215,3768780,16777215,16777215,16777215
63887,CDOTA_Unit_Hero_Nevermore,16777215,14009545,12862899,5227697,4588590,3768780,16777215,16777215,16777215
63929,CDOTA_Unit_Hero_Nevermore,16777215,14009545,12862899,5227697,4588590,3768780,16777215,16777215,16777215
63935,CDOTA_Unit_Hero_Abaddon,16777215,15271178,1050059,9389302,968124,753906,6178295,16777215,16777215
63967,CDOTA_Unit_Hero_Abaddon,6178295,15271178,1050059,9389302,968124,753906,16777215,16777215,16777215
64111,CDOTA_Unit_Hero_Mars,9602537,2704525,11240828,6308039,16122993,12633173,16777215,16777215,16777215
64127,CDOTA_Unit_Hero_AncientApparition,5424328,9159709,2884714,9717045,15762114,16777215,16777215,16777215,16777215
64357,CDOTA_Unit_Hero_Morphling,8356478,10929556,11371801,8570163,4964597,6423986,12322000,16777215,16777215
64367,CDOTA_Unit_Hero_Tusk,8717330,16777215,16777215,10962210,2524292,9061746,16777215,16777215,16777215
64371,CDOTA_Unit_Hero_Morphling,8356478,10929556,11371801,8570163,4964597,6423986,16777215,16777215,16777215
64597,CDOTA_Unit_Hero_Abaddon,6178295,15271178,1050059,213700,968124,753906,16777215,16777215,16777215
65171,CDOTA_Unit_Hero_AncientApparition,5424328,9159709,2884714,9717045,15762114,13894286,16777215,16777215,16777215
65559,CDOTA_Unit_Hero_Morphling,8356478,10929556,11371801,8570163,16777215,6423986,16777215,16777215,16777215
